site,source_image,height_px,width_px,chain_order,right_neighbour,join_kind,end_marker
mgxahqnk,img01,1904,7000,0,hawkfj64,same,
hawkfj64,img01,1904,7000,1,0grcilhi,same,
0grcilhi,img01,1904,7000,2,,,right
3806gxp0,img02,2048,7000,,,,
avn74qx1,img02,2048,7000,,,,right
4ih2ggld,img03,2316,6996,,,,
5n1q8atc,img03,2316,7000,,,,
x7u69zsw,img04,2060,7000,0,tuy3zymq,same,left
tuy3zymq,img04,2060,7000,1,kbdh4tri,same,
kbdh4tri,img04,2060,7000,2,71vgq3fw,same,
71vgq3fw,img04,2060,7000,3,,,right
9luzk4jm,img05,2088,7000,0,hzumfsms,same,
hzumfsms,img05,2088,7000,1,,,
ufdvpb81,img05,2088,7000,,,,left
b3esycq1,img06,2156,7000,,,,
fzrt2k6r,img06,2156,7000,,,,left
cfe5vt7s,img07,2080,7000,0,r17byphk,cross,
r17byphk,img07,2080,7000,1,ffwubibz,cross,
ffwubibz,img07,2080,7000,2,,,right
f1vzngrs,img08,2148,7000,0,epqdaau9,cross,left
epqdaau9,img08,2148,7000,1,,,
i9jiqjwl,img09,2272,7000,,,,left
pl8uabbv,img09,2272,7000,,,,
iv6g2oq0,img10,1780,6960,,,,
ptg8lmto,img11,1612,7000,,,,right
xgj4xftb,img11,1612,7000,,,,left
vc2whyaq,img12,2068,7000,0,x77cy643,same,left
x77cy643,img12,2068,6996,1,utfgcjfa,same,
utfgcjfa,img12,2068,6996,2,rxax5ozo,cross,
rxax5ozo,img12,2068,7000,3,,,
uhdslk0o,img13,1880,7000,,,,right
