site,folder,source_image
4ih2ggld,Batch_1,img03
5n1q8atc,Batch_1,img03
f1vzngrs,Batch_1,img08
ffwubibz,Batch_1,img07
fzrt2k6r,Batch_1,img06
iv6g2oq0,Batch_1,img10
uhdslk0o,Batch_1,img13
3806gxp0,Batch_2,img02
avn74qx1,Batch_2,img02
b3esycq1,Batch_2,img06
epqdaau9,Batch_2,img08
i9jiqjwl,Batch_2,img09
r17byphk,Batch_2,img07
rxax5ozo,Batch_2,img12
0grcilhi,Batch_3,img01
71vgq3fw,Batch_3,img04
9luzk4jm,Batch_3,img05
cfe5vt7s,Batch_3,img07
hawkfj64,Batch_3,img01
hzumfsms,Batch_3,img05
kbdh4tri,Batch_3,img04
mgxahqnk,Batch_3,img01
pl8uabbv,Batch_3,img09
ptg8lmto,Batch_3,img11
tuy3zymq,Batch_3,img04
ufdvpb81,Batch_3,img05
utfgcjfa,Batch_3,img12
vc2whyaq,Batch_3,img12
x77cy643,Batch_3,img12
x7u69zsw,Batch_3,img04
xgj4xftb,Batch_3,img11
