session_px,legacy_id,position,spot,batch,width_px,touches_next,image_edge_marker,mixed_session,notes
2080,img07,1,cfe5vt7s,3,7000,r17byphk (crosses batch folders),,yes,
2080,img07,2,r17byphk,2,7000,ffwubibz (crosses batch folders),,yes,
2080,img07,3,ffwubibz,1,7000,,right,yes,
2068,img12,1,vc2whyaq,3,7000,x77cy643 (same batch),left,yes,file named SE instead of ETD
2068,img12,2,x77cy643,3,6996,utfgcjfa (same batch),,yes,file named SE instead of ETD
2068,img12,3,utfgcjfa,3,6996,rxax5ozo (crosses batch folders),,yes,file named SE instead of ETD
2068,img12,4,rxax5ozo,2,7000,,,yes,file named SE instead of ETD
2148,img08,1,f1vzngrs,1,7000,epqdaau9 (crosses batch folders),left,yes,
2148,img08,2,epqdaau9,2,7000,,,yes,copper current collector visible along its bottom edge
2156,img06,1,fzrt2k6r,1,7000,,left,yes,
2156,img06,2,b3esycq1,2,7000,,,yes,
2272,img09,1,i9jiqjwl,2,7000,,left,yes,
2272,img09,2,pl8uabbv,3,7000,,,yes,
2060,img04,1,x7u69zsw,3,7000,tuy3zymq (same batch),left,no,"black level lifted by about 23 grey levels (imaging, not material)"
2060,img04,2,tuy3zymq,3,7000,kbdh4tri (same batch),,no,"black level lifted by about 23 grey levels (imaging, not material)"
2060,img04,3,kbdh4tri,3,7000,71vgq3fw (same batch),,no,"black level lifted by about 23 grey levels (imaging, not material)"
2060,img04,4,71vgq3fw,3,7000,,right,no,"black level lifted by about 23 grey levels (imaging, not material)"
1904,img01,1,mgxahqnk,3,7000,hawkfj64 (same batch),,no,
1904,img01,2,hawkfj64,3,7000,0grcilhi (same batch),,no,
1904,img01,3,0grcilhi,3,7000,,right,no,
2088,img05,1,ufdvpb81,3,7000,,left,no,
2088,img05,2,9luzk4jm,3,7000,hzumfsms (same batch),,no,
2088,img05,3,hzumfsms,3,7000,,,no,
1612,img11,1,xgj4xftb,3,7000,,left,no,
1612,img11,2,ptg8lmto,3,7000,,right,no,
2048,img02,1,3806gxp0,2,7000,,,no,
2048,img02,2,avn74qx1,2,7000,,right,no,
2316,img03,1,4ih2ggld,1,6996,,,no,bright population roughly 15-20% of the area and dimmer than elsewhere (unexplained)
2316,img03,2,5n1q8atc,1,7000,,,no,bright population roughly 15-20% of the area and dimmer than elsewhere (unexplained)
1880,img13,1,uhdslk0o,1,7000,,right,no,
1780,img10,1,iv6g2oq0,1,6960,,,no,
