batch,site,strip_id,strip_height_px,width_px,xres_tag,nm_per_px,green_edge_line,black_p0_1,p2,p50,p98,frac_px_at_0,frac_px_at_255,left_neighbour,right_neighbour,seam_corr_to_right,right_neighbour_batch
Batch_3,ptg8lmto,S1612,1612,7000,25400152/25,24.9999,right,0.0,10.0,57.0,124.0,0.0028,0.0,,,,
Batch_3,xgj4xftb,S1612,1612,7000,25400152/25,24.9999,left,0.0,12.0,57.0,125.0,0.002,0.0,,,,
Batch_1,iv6g2oq0,S1780,1780,6960,25399552/25,25.0004,,0.0,0.0,57.0,125.0,0.0352,0.0,,,,
Batch_1,uhdslk0o,S1880,1880,7000,127000848/125,24.9998,right,0.0,0.0,60.0,124.0,0.0232,0.0,,,,
Batch_3,0grcilhi,S1904,1904,7000,126997216/125,25.0005,right,0.0,1.0,55.0,119.0,0.0161,0.0,hawkfj64,,,
Batch_3,hawkfj64,S1904,1904,7000,126997216/125,25.0005,,0.0,7.0,55.0,118.0,0.008,0.0,mgxahqnk,0grcilhi,0.771,Batch_3
Batch_3,mgxahqnk,S1904,1904,7000,126997216/125,25.0005,,0.0,7.0,56.0,125.0,0.0075,0.0,,hawkfj64,0.951,Batch_3
Batch_2,3806gxp0,S2048,2048,7000,127001488/125,24.9997,,0.0,0.0,49.0,117.0,0.0277,0.0,,,,
Batch_2,avn74qx1,S2048,2048,7000,127001488/125,24.9997,right,0.0,0.0,49.0,113.0,0.0343,0.0,,,,
Batch_3,71vgq3fw,S2060,2060,7000,126999264/125,25.0001,right,20.0,27.0,62.0,112.0,0.0,0.0,kbdh4tri,,,
Batch_3,kbdh4tri,S2060,2060,7000,126999264/125,25.0001,,20.0,28.0,63.0,112.0,0.0,0.0,tuy3zymq,71vgq3fw,0.869,Batch_3
Batch_3,tuy3zymq,S2060,2060,7000,126999264/125,25.0001,,20.0,27.0,63.0,109.0,0.0,0.0,x7u69zsw,kbdh4tri,0.875,Batch_3
Batch_3,x7u69zsw,S2060,2060,7000,126999264/125,25.0001,left,20.0,29.0,63.0,115.0,0.0,0.0,,tuy3zymq,0.827,Batch_3
Batch_2,rxax5ozo,S2068,2068,7000,127004056/125,24.9992,,0.0,4.0,55.0,121.0,0.0114,0.0,utfgcjfa,,,
Batch_3,utfgcjfa,S2068,2068,6996,127004056/125,24.9992,,0.0,4.0,54.0,123.0,0.0109,0.0,x77cy643,rxax5ozo,0.861,Batch_2
Batch_3,vc2whyaq,S2068,2068,7000,127004056/125,24.9992,left,0.0,6.0,55.0,123.0,0.0096,0.0,,x77cy643,0.826,Batch_3
Batch_3,x77cy643,S2068,2068,6996,127004056/125,24.9992,,0.0,4.0,55.0,123.0,0.0122,0.0,vc2whyaq,utfgcjfa,0.852,Batch_3
Batch_1,ffwubibz,S2080,2080,7000,126998864/125,25.0002,right,0.0,1.0,59.0,118.0,0.0183,0.0,r17byphk,,,
Batch_2,r17byphk,S2080,2080,7000,126998864/125,25.0002,,0.0,0.0,56.0,115.0,0.0243,0.0,cfe5vt7s,ffwubibz,0.885,Batch_1
Batch_3,cfe5vt7s,S2080,2080,7000,126998864/125,25.0002,,0.0,1.0,58.0,123.0,0.018,0.0,,r17byphk,0.854,Batch_2
Batch_3,9luzk4jm,S2088,2088,7000,25399712/25,25.0003,,0.0,9.0,59.0,111.0,0.0034,0.0,,hzumfsms,0.947,Batch_3
Batch_3,hzumfsms,S2088,2088,7000,25399712/25,25.0003,,0.0,6.0,59.0,111.0,0.0061,0.0,9luzk4jm,,,
Batch_3,ufdvpb81,S2088,2088,7000,25399712/25,25.0003,left,0.0,6.0,59.0,111.0,0.0046,0.0,,,,
Batch_1,f1vzngrs,S2148,2148,7000,127001504/125,24.9997,left,0.0,0.0,52.0,122.0,0.0206,0.0,,epqdaau9,0.89,Batch_2
Batch_2,epqdaau9,S2148,2148,7000,127001504/125,24.9997,,0.0,0.0,52.0,122.0,0.0272,0.00111,f1vzngrs,,,
Batch_1,fzrt2k6r,S2156,2156,7000,126997984/125,25.0004,left,0.0,2.0,62.0,122.0,0.0173,0.0,,,,
Batch_2,b3esycq1,S2156,2156,7000,126997984/125,25.0004,,0.0,3.0,62.0,127.0,0.0154,0.0,,,,
Batch_2,i9jiqjwl,S2272,2272,7000,126998952/125,25.0002,left,0.0,0.0,56.0,118.0,0.0206,0.0,,,,
Batch_3,pl8uabbv,S2272,2272,7000,126998952/125,25.0002,,0.0,0.0,53.0,117.0,0.0302,0.0,,,,
Batch_1,4ih2ggld,S2316,2316,6996,25399944/25,25.0001,,0.0,0.0,57.0,110.0,0.038,0.0,,,,
Batch_1,5n1q8atc,S2316,2316,7000,25399944/25,25.0001,,0.0,0.0,59.0,111.0,0.0224,0.0,,,,
