split,model,crop,label,source_image,fold,p_Batch_1,p_Batch_2,p_Batch_3,pred,correct,tau
loso13,A,4ih2ggld,Batch_1,img03,img03,0.3213565836,0.3823879732,0.2962554432,Batch_2,False,0.4216965034
loso13,A,5n1q8atc,Batch_1,img03,img03,0.3758167497,0.3841297635,0.2400534868,Batch_2,False,0.4216965034
loso13,A,f1vzngrs,Batch_1,img08,img08,0.5161503399,0.2995671917,0.1842824684,Batch_1,True,0.316227766
loso13,A,ffwubibz,Batch_1,img07,img07,0.3439173243,0.5053338843,0.1507487914,Batch_2,False,0.2371373706
loso13,A,fzrt2k6r,Batch_1,img06,img06,0.3517961476,0.3178891454,0.330314707,Batch_1,True,0.2371373706
loso13,A,iv6g2oq0,Batch_1,img10,img10,0.3115226468,0.5423606045,0.1461167487,Batch_2,False,0.316227766
loso13,A,uhdslk0o,Batch_1,img13,img13,0.5148345858,0.3526461802,0.132519234,Batch_1,True,0.316227766
loso13,A,3806gxp0,Batch_2,img02,img02,0.3076742808,0.3823418537,0.3099838655,Batch_2,True,0.4216965034
loso13,A,avn74qx1,Batch_2,img02,img02,0.3257044198,0.3668523944,0.3074431859,Batch_2,True,0.4216965034
loso13,A,b3esycq1,Batch_2,img06,img06,0.6866881082,0.09466877258,0.2186431192,Batch_1,False,0.2371373706
loso13,A,epqdaau9,Batch_2,img08,img08,0.6300856651,0.2627395539,0.107174781,Batch_1,False,0.316227766
loso13,A,i9jiqjwl,Batch_2,img09,img09,0.587855179,0.2949151462,0.1172296747,Batch_1,False,0.316227766
loso13,A,r17byphk,Batch_2,img07,img07,0.08889463217,0.1194891442,0.7916162237,Batch_3,False,0.2371373706
loso13,A,rxax5ozo,Batch_2,img12,img12,0.2873620866,0.4212398569,0.2913980565,Batch_2,True,1
loso13,A,0grcilhi,Batch_3,img01,img01,0.1546135014,0.4216584592,0.4237280394,Batch_3,True,0.316227766
loso13,A,71vgq3fw,Batch_3,img04,img04,0.2454300812,0.1903671695,0.5642027493,Batch_3,True,0.4216965034
loso13,A,9luzk4jm,Batch_3,img05,img05,0.2308146771,0.3007837841,0.4684015389,Batch_3,True,0.7498942093
loso13,A,cfe5vt7s,Batch_3,img07,img07,0.09882681926,0.2143610727,0.686812108,Batch_3,True,0.2371373706
loso13,A,hawkfj64,Batch_3,img01,img01,0.2909054589,0.3236720618,0.3854224793,Batch_3,True,0.316227766
loso13,A,hzumfsms,Batch_3,img05,img05,0.2354400154,0.2922622251,0.4722977595,Batch_3,True,0.7498942093
loso13,A,kbdh4tri,Batch_3,img04,img04,0.2356765468,0.1913216743,0.5730017789,Batch_3,True,0.4216965034
loso13,A,mgxahqnk,Batch_3,img01,img01,0.2966098221,0.4775042455,0.2258859324,Batch_2,False,0.316227766
loso13,A,pl8uabbv,Batch_3,img09,img09,0.5047227094,0.3078548117,0.187422479,Batch_1,False,0.316227766
loso13,A,ptg8lmto,Batch_3,img11,img11,0.1943194906,0.2451853112,0.5604951982,Batch_3,True,0.7498942093
loso13,A,tuy3zymq,Batch_3,img04,img04,0.2124022545,0.1843779302,0.6032198153,Batch_3,True,0.4216965034
loso13,A,ufdvpb81,Batch_3,img05,img05,0.2773673908,0.3333918203,0.389240789,Batch_3,True,0.7498942093
loso13,A,utfgcjfa,Batch_3,img12,img12,0.2623486962,0.4081123141,0.3295389897,Batch_2,False,1
loso13,A,vc2whyaq,Batch_3,img12,img12,0.2841524844,0.3765683833,0.3392791323,Batch_2,False,1
loso13,A,x77cy643,Batch_3,img12,img12,0.2659769843,0.4126153169,0.3214076989,Batch_2,False,1
loso13,A,x7u69zsw,Batch_3,img04,img04,0.2583912531,0.17589909,0.5657096569,Batch_3,True,0.4216965034
loso13,A,xgj4xftb,Batch_3,img11,img11,0.2398899751,0.2124471405,0.5476628844,Batch_3,True,0.7498942093
loso13,uniform_A,4ih2ggld,Batch_1,img03,img03,0.4873667814,0.3346981103,0.1779351083,Batch_1,True,0.2371373706
loso13,uniform_A,5n1q8atc,Batch_1,img03,img03,0.6094575695,0.2761565225,0.114385908,Batch_1,True,0.2371373706
loso13,uniform_A,f1vzngrs,Batch_1,img08,img08,0.6647306137,0.2405029159,0.09476647037,Batch_1,True,0.2371373706
loso13,uniform_A,ffwubibz,Batch_1,img07,img07,0.6557518675,0.2757052567,0.06854287577,Batch_1,True,0.2371373706
loso13,uniform_A,fzrt2k6r,Batch_1,img06,img06,0.7683624802,0.1371005886,0.09453693125,Batch_1,True,0.2371373706
loso13,uniform_A,iv6g2oq0,Batch_1,img10,img10,0.46267337,0.4711429705,0.06618365944,Batch_2,False,0.2371373706
loso13,uniform_A,uhdslk0o,Batch_1,img13,img13,0.8060095593,0.1469201013,0.04707033935,Batch_1,True,0.2371373706
loso13,uniform_A,3806gxp0,Batch_2,img02,img02,0.07154567075,0.6558939371,0.2725603922,Batch_2,True,0.177827941
loso13,uniform_A,avn74qx1,Batch_2,img02,img02,0.05697789687,0.6289719173,0.3140501859,Batch_2,True,0.177827941
loso13,uniform_A,b3esycq1,Batch_2,img06,img06,0.8843250749,0.05071126158,0.06496366356,Batch_1,False,0.2371373706
loso13,uniform_A,epqdaau9,Batch_2,img08,img08,0.7313913994,0.1951509699,0.07345763065,Batch_1,False,0.2371373706
loso13,uniform_A,i9jiqjwl,Batch_2,img09,img09,0.6290053814,0.2900644208,0.08093019779,Batch_1,False,0.2371373706
loso13,uniform_A,r17byphk,Batch_2,img07,img07,0.06026476316,0.3295066476,0.6102285892,Batch_3,False,0.2371373706
loso13,uniform_A,rxax5ozo,Batch_2,img12,img12,0.08543929375,0.7413212766,0.1732394296,Batch_2,True,0.316227766
loso13,uniform_A,0grcilhi,Batch_3,img01,img01,0.08148453924,0.3479506774,0.5705647833,Batch_3,True,0.316227766
loso13,uniform_A,71vgq3fw,Batch_3,img04,img04,0.319970561,0.1329467495,0.5470826896,Batch_3,True,0.316227766
loso13,uniform_A,9luzk4jm,Batch_3,img05,img05,0.1077022993,0.312227903,0.5800697978,Batch_3,True,0.4216965034
loso13,uniform_A,cfe5vt7s,Batch_3,img07,img07,0.06409780745,0.3953413976,0.540560795,Batch_3,True,0.2371373706
loso13,uniform_A,hawkfj64,Batch_3,img01,img01,0.1320653906,0.3301635698,0.5377710396,Batch_3,True,0.316227766
loso13,uniform_A,hzumfsms,Batch_3,img05,img05,0.1132847924,0.3122418302,0.5744733774,Batch_3,True,0.4216965034
loso13,uniform_A,kbdh4tri,Batch_3,img04,img04,0.3082868841,0.1363394398,0.5553736761,Batch_3,True,0.316227766
loso13,uniform_A,mgxahqnk,Batch_3,img01,img01,0.1287547975,0.4295315457,0.4417136568,Batch_3,True,0.316227766
loso13,uniform_A,pl8uabbv,Batch_3,img09,img09,0.6228917001,0.260720704,0.1163875958,Batch_1,False,0.2371373706
loso13,uniform_A,ptg8lmto,Batch_3,img11,img11,0.08739028588,0.1277450034,0.7848647107,Batch_3,True,0.316227766
loso13,uniform_A,tuy3zymq,Batch_3,img04,img04,0.2333768516,0.142841961,0.6237811874,Batch_3,True,0.316227766
loso13,uniform_A,ufdvpb81,Batch_3,img05,img05,0.1605450602,0.3874850108,0.451969929,Batch_3,True,0.4216965034
loso13,uniform_A,utfgcjfa,Batch_3,img12,img12,0.07042698434,0.683695117,0.2458778986,Batch_2,False,0.316227766
loso13,uniform_A,vc2whyaq,Batch_3,img12,img12,0.1085994401,0.58756894,0.3038316199,Batch_2,False,0.316227766
loso13,uniform_A,x77cy643,Batch_3,img12,img12,0.07608249695,0.6897841917,0.2341333113,Batch_2,False,0.316227766
loso13,uniform_A,x7u69zsw,Batch_3,img04,img04,0.3665892218,0.1242305884,0.5091801898,Batch_3,True,0.316227766
loso13,uniform_A,xgj4xftb,Batch_3,img11,img11,0.1553157135,0.07368222033,0.7710020662,Batch_3,True,0.316227766
loso13,B,4ih2ggld,Batch_1,img03,img03,0.2537330159,0.3806796186,0.3655873655,Batch_2,False,0.4216965034
loso13,B,5n1q8atc,Batch_1,img03,img03,0.3005813588,0.3961417986,0.3032768425,Batch_2,False,0.4216965034
loso13,B,f1vzngrs,Batch_1,img08,img08,0.4254225676,0.3275355167,0.2470419156,Batch_1,True,0.4216965034
loso13,B,ffwubibz,Batch_1,img07,img07,0.2447728783,0.5147238124,0.2405033092,Batch_2,False,0.316227766
loso13,B,fzrt2k6r,Batch_1,img06,img06,0.2058253065,0.47978088,0.3143938135,Batch_2,False,0.316227766
loso13,B,iv6g2oq0,Batch_1,img10,img10,0.2160263638,0.6307595475,0.1532140887,Batch_2,False,0.316227766
loso13,B,uhdslk0o,Batch_1,img13,img13,0.40964335,0.3627607267,0.2275959233,Batch_1,True,0.4216965034
loso13,B,3806gxp0,Batch_2,img02,img02,0.3314122421,0.3783784797,0.2902092782,Batch_2,True,0.4216965034
loso13,B,avn74qx1,Batch_2,img02,img02,0.3447689435,0.3643371493,0.2908939072,Batch_2,True,0.4216965034
loso13,B,b3esycq1,Batch_2,img06,img06,0.5053934498,0.2086973897,0.2859091606,Batch_1,False,0.316227766
loso13,B,epqdaau9,Batch_2,img08,img08,0.541167394,0.2942881957,0.1645444104,Batch_1,False,0.4216965034
loso13,B,i9jiqjwl,Batch_2,img09,img09,0.4572921557,0.3285266078,0.2141812365,Batch_1,False,0.4216965034
loso13,B,r17byphk,Batch_2,img07,img07,0.1020268669,0.2061026405,0.6918704926,Batch_3,False,0.316227766
loso13,B,rxax5ozo,Batch_2,img12,img12,0.3051475949,0.3885453495,0.3063070556,Batch_2,True,1.333521432
loso13,B,0grcilhi,Batch_3,img01,img01,0.1912630363,0.4165007775,0.3922361862,Batch_2,False,0.316227766
loso13,B,71vgq3fw,Batch_3,img04,img04,0.3286395055,0.3274115114,0.3439489831,Batch_3,True,10
loso13,B,9luzk4jm,Batch_3,img05,img05,0.2908247412,0.3693680939,0.3398071649,Batch_2,False,0.7498942093
loso13,B,cfe5vt7s,Batch_3,img07,img07,0.09141660201,0.2172707635,0.6913126345,Batch_3,True,0.316227766
loso13,B,hawkfj64,Batch_3,img01,img01,0.3693542497,0.3063441616,0.3243015887,Batch_1,False,0.316227766
loso13,B,hzumfsms,Batch_3,img05,img05,0.2992254716,0.3588677315,0.341906797,Batch_2,False,0.7498942093
loso13,B,kbdh4tri,Batch_3,img04,img04,0.3277725604,0.3273239052,0.3449035344,Batch_3,True,10
loso13,B,mgxahqnk,Batch_3,img01,img01,0.410104952,0.4334683547,0.1564266932,Batch_2,False,0.316227766
loso13,B,pl8uabbv,Batch_3,img09,img09,0.3768774919,0.3207921716,0.3023303366,Batch_1,False,0.4216965034
loso13,B,ptg8lmto,Batch_3,img11,img11,0.2150985301,0.2860348586,0.4988666113,Batch_3,True,0.7498942093
loso13,B,tuy3zymq,Batch_3,img04,img04,0.3261271852,0.3276034329,0.3462693819,Batch_3,True,10
loso13,B,ufdvpb81,Batch_3,img05,img05,0.3191618398,0.4048133065,0.2760248536,Batch_2,False,0.7498942093
loso13,B,utfgcjfa,Batch_3,img12,img12,0.2836368256,0.3772235649,0.3391396095,Batch_2,False,1.333521432
loso13,B,vc2whyaq,Batch_3,img12,img12,0.2876126334,0.3656339655,0.3467534011,Batch_2,False,1.333521432
loso13,B,x77cy643,Batch_3,img12,img12,0.2833187746,0.3783622145,0.3383190109,Batch_2,False,1.333521432
loso13,B,x7u69zsw,Batch_3,img04,img04,0.3318200855,0.3253078567,0.3428720578,Batch_3,True,10
loso13,B,xgj4xftb,Batch_3,img11,img11,0.2541393427,0.2401754102,0.5056852472,Batch_3,True,0.7498942093
loso13,uniform_B,4ih2ggld,Batch_1,img03,img03,0.2077521639,0.3854487906,0.4067990455,Batch_3,False,0.2371373706
loso13,uniform_B,5n1q8atc,Batch_1,img03,img03,0.3133091008,0.3884087239,0.2982821753,Batch_2,False,0.2371373706
loso13,uniform_B,f1vzngrs,Batch_1,img08,img08,0.5065013807,0.3159690305,0.1775295888,Batch_1,True,0.316227766
loso13,uniform_B,ffwubibz,Batch_1,img07,img07,0.3717505645,0.4650481145,0.163201321,Batch_2,False,0.316227766
loso13,uniform_B,fzrt2k6r,Batch_1,img06,img06,0.3434487071,0.4987098279,0.157841465,Batch_2,False,0.316227766
loso13,uniform_B,iv6g2oq0,Batch_1,img10,img10,0.1856617609,0.7511278883,0.06321035077,Batch_2,False,0.2371373706
loso13,uniform_B,uhdslk0o,Batch_1,img13,img13,0.5228878655,0.2855529677,0.1915591668,Batch_1,True,0.4216965034
loso13,uniform_B,3806gxp0,Batch_2,img02,img02,0.3240265137,0.4272127457,0.2487607406,Batch_2,True,0.316227766
loso13,uniform_B,avn74qx1,Batch_2,img02,img02,0.2825208489,0.4272118433,0.2902673078,Batch_2,True,0.316227766
loso13,uniform_B,b3esycq1,Batch_2,img06,img06,0.673641795,0.1975891327,0.1287690722,Batch_1,False,0.316227766
loso13,uniform_B,epqdaau9,Batch_2,img08,img08,0.6390410368,0.2328112629,0.1281477003,Batch_1,False,0.316227766
loso13,uniform_B,i9jiqjwl,Batch_2,img09,img09,0.5660786954,0.2844209143,0.1495003903,Batch_1,False,0.316227766
loso13,uniform_B,r17byphk,Batch_2,img07,img07,0.1693948871,0.3955484654,0.4350566475,Batch_3,False,0.316227766
loso13,uniform_B,rxax5ozo,Batch_2,img12,img12,0.2391649009,0.5746559844,0.1861791147,Batch_2,True,0.4216965034
loso13,uniform_B,0grcilhi,Batch_3,img01,img01,0.1465976113,0.3118229381,0.5415794506,Batch_3,True,0.316227766
loso13,uniform_B,71vgq3fw,Batch_3,img04,img04,0.2313197603,0.1721908924,0.5964893473,Batch_3,True,0.5623413252
loso13,uniform_B,9luzk4jm,Batch_3,img05,img05,0.265836827,0.3724480741,0.3617150989,Batch_2,False,0.4216965034
loso13,uniform_B,cfe5vt7s,Batch_3,img07,img07,0.1624511631,0.3570026146,0.4805462222,Batch_3,True,0.316227766
loso13,uniform_B,hawkfj64,Batch_3,img01,img01,0.2697249179,0.2729811491,0.4572939329,Batch_3,True,0.316227766
loso13,uniform_B,hzumfsms,Batch_3,img05,img05,0.262862456,0.3670145518,0.3701229922,Batch_3,True,0.4216965034
loso13,uniform_B,kbdh4tri,Batch_3,img04,img04,0.2219153264,0.1744049226,0.603679751,Batch_3,True,0.5623413252
loso13,uniform_B,mgxahqnk,Batch_3,img01,img01,0.3505763673,0.3756070943,0.2738165385,Batch_2,False,0.316227766
loso13,uniform_B,pl8uabbv,Batch_3,img09,img09,0.4710287537,0.2641375495,0.2648336968,Batch_1,False,0.316227766
loso13,uniform_B,ptg8lmto,Batch_3,img11,img11,0.07926441721,0.1066767669,0.8140588159,Batch_3,True,0.316227766
loso13,uniform_B,tuy3zymq,Batch_3,img04,img04,0.1758294429,0.1820282814,0.6421422757,Batch_3,True,0.5623413252
loso13,uniform_B,ufdvpb81,Batch_3,img05,img05,0.3155406756,0.464868435,0.2195908894,Batch_2,False,0.4216965034
loso13,uniform_B,utfgcjfa,Batch_3,img12,img12,0.1902599782,0.5249441111,0.2847959107,Batch_2,False,0.4216965034
loso13,uniform_B,vc2whyaq,Batch_3,img12,img12,0.2167347698,0.4858988158,0.2973664143,Batch_2,False,0.4216965034
loso13,uniform_B,x77cy643,Batch_3,img12,img12,0.1912388886,0.5316574871,0.2771036244,Batch_2,False,0.4216965034
loso13,uniform_B,x7u69zsw,Batch_3,img04,img04,0.2798555226,0.1654021453,0.5547423322,Batch_3,True,0.5623413252
loso13,uniform_B,xgj4xftb,Batch_3,img11,img11,0.09609098322,0.06223193957,0.8416770772,Batch_3,True,0.316227766
loso13,acquisition,4ih2ggld,Batch_1,img03,img03,0.640564225,0.2814060843,0.07802969068,Batch_1,True,0.4216965034
loso13,acquisition,5n1q8atc,Batch_1,img03,img03,0.6819580481,0.2552162712,0.06282568074,Batch_1,True,0.4216965034
loso13,acquisition,f1vzngrs,Batch_1,img08,img08,0.4512640892,0.3802960261,0.1684398847,Batch_1,True,0.5623413252
loso13,acquisition,ffwubibz,Batch_1,img07,img07,0.7518029134,0.1934377464,0.05475934021,Batch_1,True,0.4216965034
loso13,acquisition,fzrt2k6r,Batch_1,img06,img06,0.833005849,0.05113478973,0.1158593613,Batch_1,True,0.4216965034
loso13,acquisition,iv6g2oq0,Batch_1,img10,img10,0.6487639886,0.2616809399,0.08955507151,Batch_1,True,0.4216965034
loso13,acquisition,uhdslk0o,Batch_1,img13,img13,0.7335589083,0.2234195349,0.04302155678,Batch_1,True,0.4216965034
loso13,acquisition,3806gxp0,Batch_2,img02,img02,0.2493961051,0.5466661995,0.2039376953,Batch_2,True,0.4216965034
loso13,acquisition,avn74qx1,Batch_2,img02,img02,0.2373298918,0.5507969706,0.2118731376,Batch_2,True,0.4216965034
loso13,acquisition,b3esycq1,Batch_2,img06,img06,0.8250939381,0.05298465219,0.1219214097,Batch_1,False,0.4216965034
loso13,acquisition,epqdaau9,Batch_2,img08,img08,0.4521460853,0.3827287878,0.1651251269,Batch_1,False,0.5623413252
loso13,acquisition,i9jiqjwl,Batch_2,img09,img09,0.6039723985,0.3116534064,0.08437419509,Batch_1,False,0.5623413252
loso13,acquisition,r17byphk,Batch_2,img07,img07,0.3717995988,0.1855632001,0.4426372011,Batch_3,False,0.4216965034
loso13,acquisition,rxax5ozo,Batch_2,img12,img12,0.08213467276,0.71342358,0.2044417472,Batch_2,True,0.4216965034
loso13,acquisition,0grcilhi,Batch_3,img01,img01,0.1098206318,0.3460599427,0.5441194255,Batch_3,True,0.5623413252
loso13,acquisition,71vgq3fw,Batch_3,img04,img04,0.3010547328,0.2051511762,0.4937940909,Batch_3,True,0.5623413252
loso13,acquisition,9luzk4jm,Batch_3,img05,img05,0.04275610365,0.08080098173,0.8764429146,Batch_3,True,0.5623413252
loso13,acquisition,cfe5vt7s,Batch_3,img07,img07,0.410995274,0.3376326183,0.2513721077,Batch_1,False,0.4216965034
loso13,acquisition,hawkfj64,Batch_3,img01,img01,0.1156948984,0.3120777902,0.5722273115,Batch_3,True,0.5623413252
loso13,acquisition,hzumfsms,Batch_3,img05,img05,0.05285673466,0.08805621898,0.8590870464,Batch_3,True,0.5623413252
loso13,acquisition,kbdh4tri,Batch_3,img04,img04,0.3020561164,0.2090781798,0.4888657038,Batch_3,True,0.5623413252
loso13,acquisition,mgxahqnk,Batch_3,img01,img01,0.07028588896,0.3085230352,0.6211910758,Batch_3,True,0.5623413252
loso13,acquisition,pl8uabbv,Batch_3,img09,img09,0.6095081228,0.3078203414,0.0826715358,Batch_1,False,0.5623413252
loso13,acquisition,ptg8lmto,Batch_3,img11,img11,0.1758694278,0.2062939808,0.6178365914,Batch_3,True,1
loso13,acquisition,tuy3zymq,Batch_3,img04,img04,0.282578388,0.201910659,0.515510953,Batch_3,True,0.5623413252
loso13,acquisition,ufdvpb81,Batch_3,img05,img05,0.07560126407,0.08445978911,0.8399389468,Batch_3,True,0.5623413252
loso13,acquisition,utfgcjfa,Batch_3,img12,img12,0.07845559123,0.7051249252,0.2164194836,Batch_2,False,0.4216965034
loso13,acquisition,vc2whyaq,Batch_3,img12,img12,0.2157445597,0.5180217089,0.2662337314,Batch_2,False,0.4216965034
loso13,acquisition,x77cy643,Batch_3,img12,img12,0.09730622497,0.7200322927,0.1826614823,Batch_2,False,0.4216965034
loso13,acquisition,x7u69zsw,Batch_3,img04,img04,0.2849420147,0.2058963085,0.5091616768,Batch_3,True,0.5623413252
loso13,acquisition,xgj4xftb,Batch_3,img11,img11,0.2161264228,0.1810065833,0.602866994,Batch_3,True,1
loso13,dinov2s_legacy,4ih2ggld,Batch_1,img03,img03,0.2537330159,0.3806796186,0.3655873655,Batch_2,False,0.4216965034
loso13,dinov2s_legacy,5n1q8atc,Batch_1,img03,img03,0.3005813588,0.3961417986,0.3032768425,Batch_2,False,0.4216965034
loso13,dinov2s_legacy,f1vzngrs,Batch_1,img08,img08,0.4254225676,0.3275355167,0.2470419156,Batch_1,True,0.4216965034
loso13,dinov2s_legacy,ffwubibz,Batch_1,img07,img07,0.2447728783,0.5147238124,0.2405033092,Batch_2,False,0.316227766
loso13,dinov2s_legacy,fzrt2k6r,Batch_1,img06,img06,0.2058253065,0.47978088,0.3143938135,Batch_2,False,0.316227766
loso13,dinov2s_legacy,iv6g2oq0,Batch_1,img10,img10,0.2160263638,0.6307595475,0.1532140887,Batch_2,False,0.316227766
loso13,dinov2s_legacy,uhdslk0o,Batch_1,img13,img13,0.40964335,0.3627607267,0.2275959233,Batch_1,True,0.4216965034
loso13,dinov2s_legacy,3806gxp0,Batch_2,img02,img02,0.3314122421,0.3783784797,0.2902092782,Batch_2,True,0.4216965034
loso13,dinov2s_legacy,avn74qx1,Batch_2,img02,img02,0.3447689435,0.3643371493,0.2908939072,Batch_2,True,0.4216965034
loso13,dinov2s_legacy,b3esycq1,Batch_2,img06,img06,0.5053934498,0.2086973897,0.2859091606,Batch_1,False,0.316227766
loso13,dinov2s_legacy,epqdaau9,Batch_2,img08,img08,0.541167394,0.2942881957,0.1645444104,Batch_1,False,0.4216965034
loso13,dinov2s_legacy,i9jiqjwl,Batch_2,img09,img09,0.4572921557,0.3285266078,0.2141812365,Batch_1,False,0.4216965034
loso13,dinov2s_legacy,r17byphk,Batch_2,img07,img07,0.1020268669,0.2061026405,0.6918704926,Batch_3,False,0.316227766
loso13,dinov2s_legacy,rxax5ozo,Batch_2,img12,img12,0.3051475949,0.3885453495,0.3063070556,Batch_2,True,1.333521432
loso13,dinov2s_legacy,0grcilhi,Batch_3,img01,img01,0.1912630363,0.4165007775,0.3922361862,Batch_2,False,0.316227766
loso13,dinov2s_legacy,71vgq3fw,Batch_3,img04,img04,0.3286395055,0.3274115114,0.3439489831,Batch_3,True,10
loso13,dinov2s_legacy,9luzk4jm,Batch_3,img05,img05,0.2908247412,0.3693680939,0.3398071649,Batch_2,False,0.7498942093
loso13,dinov2s_legacy,cfe5vt7s,Batch_3,img07,img07,0.09141660201,0.2172707635,0.6913126345,Batch_3,True,0.316227766
loso13,dinov2s_legacy,hawkfj64,Batch_3,img01,img01,0.3693542497,0.3063441616,0.3243015887,Batch_1,False,0.316227766
loso13,dinov2s_legacy,hzumfsms,Batch_3,img05,img05,0.2992254716,0.3588677315,0.341906797,Batch_2,False,0.7498942093
loso13,dinov2s_legacy,kbdh4tri,Batch_3,img04,img04,0.3277725604,0.3273239052,0.3449035344,Batch_3,True,10
loso13,dinov2s_legacy,mgxahqnk,Batch_3,img01,img01,0.410104952,0.4334683547,0.1564266932,Batch_2,False,0.316227766
loso13,dinov2s_legacy,pl8uabbv,Batch_3,img09,img09,0.3768774919,0.3207921716,0.3023303366,Batch_1,False,0.4216965034
loso13,dinov2s_legacy,ptg8lmto,Batch_3,img11,img11,0.2150985301,0.2860348586,0.4988666113,Batch_3,True,0.7498942093
loso13,dinov2s_legacy,tuy3zymq,Batch_3,img04,img04,0.3261271852,0.3276034329,0.3462693819,Batch_3,True,10
loso13,dinov2s_legacy,ufdvpb81,Batch_3,img05,img05,0.3191618398,0.4048133065,0.2760248536,Batch_2,False,0.7498942093
loso13,dinov2s_legacy,utfgcjfa,Batch_3,img12,img12,0.2836368256,0.3772235649,0.3391396095,Batch_2,False,1.333521432
loso13,dinov2s_legacy,vc2whyaq,Batch_3,img12,img12,0.2876126334,0.3656339655,0.3467534011,Batch_2,False,1.333521432
loso13,dinov2s_legacy,x77cy643,Batch_3,img12,img12,0.2833187746,0.3783622145,0.3383190109,Batch_2,False,1.333521432
loso13,dinov2s_legacy,x7u69zsw,Batch_3,img04,img04,0.3318200855,0.3253078567,0.3428720578,Batch_3,True,10
loso13,dinov2s_legacy,xgj4xftb,Batch_3,img11,img11,0.2541393427,0.2401754102,0.5056852472,Batch_3,True,0.7498942093
loso13,family:legacy_acq,4ih2ggld,Batch_1,img03,img03,0.4944971663,0.4121920692,0.09331076451,Batch_1,True,
loso13,family:legacy_acq,5n1q8atc,Batch_1,img03,img03,0.5098177614,0.4177317855,0.07245045308,Batch_1,True,
loso13,family:legacy_acq,f1vzngrs,Batch_1,img08,img08,0.2834176035,0.5950040103,0.1215783862,Batch_2,False,
loso13,family:legacy_acq,ffwubibz,Batch_1,img07,img07,0.4150097471,0.3287513732,0.2562388797,Batch_1,True,
loso13,family:legacy_acq,fzrt2k6r,Batch_1,img06,img06,0.5001608962,0.2368015529,0.2630375508,Batch_1,True,
loso13,family:legacy_acq,iv6g2oq0,Batch_1,img10,img10,0.3680827804,0.3679377425,0.2639794771,Batch_1,True,
loso13,family:legacy_acq,uhdslk0o,Batch_1,img13,img13,0.4120369424,0.3717108258,0.2162522318,Batch_1,True,
loso13,family:legacy_acq,3806gxp0,Batch_2,img02,img02,0.3733813106,0.4111704729,0.2154482165,Batch_2,True,
loso13,family:legacy_acq,avn74qx1,Batch_2,img02,img02,0.3708926153,0.4112846097,0.217822775,Batch_2,True,
loso13,family:legacy_acq,b3esycq1,Batch_2,img06,img06,0.5269632909,0.2268429896,0.2461937196,Batch_1,False,
loso13,family:legacy_acq,epqdaau9,Batch_2,img08,img08,0.2762506653,0.5825506965,0.1411986382,Batch_2,True,
loso13,family:legacy_acq,i9jiqjwl,Batch_2,img09,img09,0.6167429656,0.2955752836,0.08768175083,Batch_1,False,
loso13,family:legacy_acq,r17byphk,Batch_2,img07,img07,0.4399118384,0.2279037784,0.3321843832,Batch_1,False,
loso13,family:legacy_acq,rxax5ozo,Batch_2,img12,img12,0.2557641175,0.4297724339,0.3144634487,Batch_2,True,
loso13,family:legacy_acq,0grcilhi,Batch_3,img01,img01,0.2042414515,0.3220753237,0.4736832248,Batch_3,True,
loso13,family:legacy_acq,71vgq3fw,Batch_3,img04,img04,0.0006747994959,0.002162968971,0.9971622315,Batch_3,True,
loso13,family:legacy_acq,9luzk4jm,Batch_3,img05,img05,0.1350258257,0.1251744623,0.739799712,Batch_3,True,
loso13,family:legacy_acq,cfe5vt7s,Batch_3,img07,img07,0.3951349677,0.2919177934,0.3129472389,Batch_1,False,
loso13,family:legacy_acq,hawkfj64,Batch_3,img01,img01,0.1931332638,0.3137421914,0.4931245448,Batch_3,True,
loso13,family:legacy_acq,hzumfsms,Batch_3,img05,img05,0.1445188468,0.1274574468,0.7280237064,Batch_3,True,
loso13,family:legacy_acq,kbdh4tri,Batch_3,img04,img04,0.000694819069,0.002388601873,0.9969165791,Batch_3,True,
loso13,family:legacy_acq,mgxahqnk,Batch_3,img01,img01,0.1827118616,0.307827739,0.5094603994,Batch_3,True,
loso13,family:legacy_acq,pl8uabbv,Batch_3,img09,img09,0.5677282786,0.3278222877,0.1044494337,Batch_1,False,
loso13,family:legacy_acq,ptg8lmto,Batch_3,img11,img11,0.1927986562,0.2704793207,0.536722023,Batch_3,True,
loso13,family:legacy_acq,tuy3zymq,Batch_3,img04,img04,0.0005687152393,0.001940525218,0.9974907595,Batch_3,True,
loso13,family:legacy_acq,ufdvpb81,Batch_3,img05,img05,0.1458696534,0.1294396089,0.7246907377,Batch_3,True,
loso13,family:legacy_acq,utfgcjfa,Batch_3,img12,img12,0.2533092274,0.4194742846,0.327216488,Batch_2,False,
loso13,family:legacy_acq,vc2whyaq,Batch_3,img12,img12,0.2954548201,0.315675509,0.3888696709,Batch_3,True,
loso13,family:legacy_acq,x77cy643,Batch_3,img12,img12,0.2626388277,0.4157052613,0.3216559111,Batch_2,False,
loso13,family:legacy_acq,x7u69zsw,Batch_3,img04,img04,0.0006549003178,0.002207018274,0.9971380814,Batch_3,True,
loso13,family:legacy_acq,xgj4xftb,Batch_3,img11,img11,0.1314094118,0.2130594861,0.6555311021,Batch_3,True,
loso13,family:legacy_dinov2s,4ih2ggld,Batch_1,img03,img03,0.2846256709,0.3790416986,0.3363326305,Batch_2,False,
loso13,family:legacy_dinov2s,5n1q8atc,Batch_1,img03,img03,0.3061455988,0.3812704467,0.3125839545,Batch_2,False,
loso13,family:legacy_dinov2s,f1vzngrs,Batch_1,img08,img08,0.5156741218,0.3366906164,0.1476352617,Batch_1,True,
loso13,family:legacy_dinov2s,ffwubibz,Batch_1,img07,img07,0.3784318873,0.3399728997,0.281595213,Batch_1,True,
loso13,family:legacy_dinov2s,fzrt2k6r,Batch_1,img06,img06,0.3403516161,0.4133656552,0.2462827287,Batch_2,False,
loso13,family:legacy_dinov2s,iv6g2oq0,Batch_1,img10,img10,0.2808572981,0.5297547627,0.1893879391,Batch_2,False,
loso13,family:legacy_dinov2s,uhdslk0o,Batch_1,img13,img13,0.4868774073,0.2893887111,0.2237338816,Batch_1,True,
loso13,family:legacy_dinov2s,3806gxp0,Batch_2,img02,img02,0.3268949717,0.334352645,0.3387523833,Batch_3,False,
loso13,family:legacy_dinov2s,avn74qx1,Batch_2,img02,img02,0.3174785193,0.3688166184,0.3137048623,Batch_2,True,
loso13,family:legacy_dinov2s,b3esycq1,Batch_2,img06,img06,0.506730731,0.2531787512,0.2400905178,Batch_1,False,
loso13,family:legacy_dinov2s,epqdaau9,Batch_2,img08,img08,0.5084772411,0.2989554344,0.1925673244,Batch_1,False,
loso13,family:legacy_dinov2s,i9jiqjwl,Batch_2,img09,img09,0.5245062313,0.261674309,0.2138194597,Batch_1,False,
loso13,family:legacy_dinov2s,r17byphk,Batch_2,img07,img07,0.1726810991,0.3050052716,0.5223136293,Batch_3,False,
loso13,family:legacy_dinov2s,rxax5ozo,Batch_2,img12,img12,0.2276607541,0.533778127,0.2385611189,Batch_2,True,
loso13,family:legacy_dinov2s,0grcilhi,Batch_3,img01,img01,0.1858735345,0.3588722461,0.4552542193,Batch_3,True,
loso13,family:legacy_dinov2s,71vgq3fw,Batch_3,img04,img04,0.1548295192,0.1009576476,0.7442128332,Batch_3,True,
loso13,family:legacy_dinov2s,9luzk4jm,Batch_3,img05,img05,0.2274826243,0.3249676458,0.44754973,Batch_3,True,
loso13,family:legacy_dinov2s,cfe5vt7s,Batch_3,img07,img07,0.184608284,0.2914273636,0.5239643524,Batch_3,True,
loso13,family:legacy_dinov2s,hawkfj64,Batch_3,img01,img01,0.3423804942,0.2754920418,0.382127464,Batch_3,True,
loso13,family:legacy_dinov2s,hzumfsms,Batch_3,img05,img05,0.2174173204,0.2922469221,0.4903357575,Batch_3,True,
loso13,family:legacy_dinov2s,kbdh4tri,Batch_3,img04,img04,0.139348551,0.09601889302,0.764632556,Batch_3,True,
loso13,family:legacy_dinov2s,mgxahqnk,Batch_3,img01,img01,0.3987897031,0.3342284415,0.2669818554,Batch_1,False,
loso13,family:legacy_dinov2s,pl8uabbv,Batch_3,img09,img09,0.422882153,0.284752479,0.2923653679,Batch_1,False,
loso13,family:legacy_dinov2s,ptg8lmto,Batch_3,img11,img11,0.09428416089,0.2060424451,0.699673394,Batch_3,True,
loso13,family:legacy_dinov2s,tuy3zymq,Batch_3,img04,img04,0.1120566871,0.1122743821,0.7756689308,Batch_3,True,
loso13,family:legacy_dinov2s,ufdvpb81,Batch_3,img05,img05,0.2829427915,0.4247298746,0.2923273339,Batch_2,False,
loso13,family:legacy_dinov2s,utfgcjfa,Batch_3,img12,img12,0.1834880562,0.4977648081,0.3187471358,Batch_2,False,
loso13,family:legacy_dinov2s,vc2whyaq,Batch_3,img12,img12,0.2065991965,0.4386471147,0.3547536888,Batch_2,False,
loso13,family:legacy_dinov2s,x77cy643,Batch_3,img12,img12,0.1511006031,0.5154399089,0.333459488,Batch_2,False,
loso13,family:legacy_dinov2s,x7u69zsw,Batch_3,img04,img04,0.2047357713,0.0890212792,0.7062429495,Batch_3,True,
loso13,family:legacy_dinov2s,xgj4xftb,Batch_3,img11,img11,0.1606514466,0.1240763531,0.7152722004,Batch_3,True,
loso13,best_single_family,4ih2ggld,Batch_1,img03,img03,0.4944971663,0.4121920692,0.09331076451,Batch_1,True,
loso13,best_single_family,5n1q8atc,Batch_1,img03,img03,0.5098177614,0.4177317855,0.07245045308,Batch_1,True,
loso13,best_single_family,f1vzngrs,Batch_1,img08,img08,0.2834176035,0.5950040103,0.1215783862,Batch_2,False,
loso13,best_single_family,ffwubibz,Batch_1,img07,img07,0.4150097471,0.3287513732,0.2562388797,Batch_1,True,
loso13,best_single_family,fzrt2k6r,Batch_1,img06,img06,0.5001608962,0.2368015529,0.2630375508,Batch_1,True,
loso13,best_single_family,iv6g2oq0,Batch_1,img10,img10,0.3680827804,0.3679377425,0.2639794771,Batch_1,True,
loso13,best_single_family,uhdslk0o,Batch_1,img13,img13,0.4120369424,0.3717108258,0.2162522318,Batch_1,True,
loso13,best_single_family,3806gxp0,Batch_2,img02,img02,0.3733813106,0.4111704729,0.2154482165,Batch_2,True,
loso13,best_single_family,avn74qx1,Batch_2,img02,img02,0.3708926153,0.4112846097,0.217822775,Batch_2,True,
loso13,best_single_family,b3esycq1,Batch_2,img06,img06,0.5269632909,0.2268429896,0.2461937196,Batch_1,False,
loso13,best_single_family,epqdaau9,Batch_2,img08,img08,0.2762506653,0.5825506965,0.1411986382,Batch_2,True,
loso13,best_single_family,i9jiqjwl,Batch_2,img09,img09,0.6167429656,0.2955752836,0.08768175083,Batch_1,False,
loso13,best_single_family,r17byphk,Batch_2,img07,img07,0.4399118384,0.2279037784,0.3321843832,Batch_1,False,
loso13,best_single_family,rxax5ozo,Batch_2,img12,img12,0.2557641175,0.4297724339,0.3144634487,Batch_2,True,
loso13,best_single_family,0grcilhi,Batch_3,img01,img01,0.2042414515,0.3220753237,0.4736832248,Batch_3,True,
loso13,best_single_family,71vgq3fw,Batch_3,img04,img04,0.0006747994959,0.002162968971,0.9971622315,Batch_3,True,
loso13,best_single_family,9luzk4jm,Batch_3,img05,img05,0.1350258257,0.1251744623,0.739799712,Batch_3,True,
loso13,best_single_family,cfe5vt7s,Batch_3,img07,img07,0.3951349677,0.2919177934,0.3129472389,Batch_1,False,
loso13,best_single_family,hawkfj64,Batch_3,img01,img01,0.1931332638,0.3137421914,0.4931245448,Batch_3,True,
loso13,best_single_family,hzumfsms,Batch_3,img05,img05,0.1445188468,0.1274574468,0.7280237064,Batch_3,True,
loso13,best_single_family,kbdh4tri,Batch_3,img04,img04,0.000694819069,0.002388601873,0.9969165791,Batch_3,True,
loso13,best_single_family,mgxahqnk,Batch_3,img01,img01,0.1827118616,0.307827739,0.5094603994,Batch_3,True,
loso13,best_single_family,pl8uabbv,Batch_3,img09,img09,0.5677282786,0.3278222877,0.1044494337,Batch_1,False,
loso13,best_single_family,ptg8lmto,Batch_3,img11,img11,0.1927986562,0.2704793207,0.536722023,Batch_3,True,
loso13,best_single_family,tuy3zymq,Batch_3,img04,img04,0.0005687152393,0.001940525218,0.9974907595,Batch_3,True,
loso13,best_single_family,ufdvpb81,Batch_3,img05,img05,0.1458696534,0.1294396089,0.7246907377,Batch_3,True,
loso13,best_single_family,utfgcjfa,Batch_3,img12,img12,0.2533092274,0.4194742846,0.327216488,Batch_2,False,
loso13,best_single_family,vc2whyaq,Batch_3,img12,img12,0.2954548201,0.315675509,0.3888696709,Batch_3,True,
loso13,best_single_family,x77cy643,Batch_3,img12,img12,0.2626388277,0.4157052613,0.3216559111,Batch_2,False,
loso13,best_single_family,x7u69zsw,Batch_3,img04,img04,0.0006549003178,0.002207018274,0.9971380814,Batch_3,True,
loso13,best_single_family,xgj4xftb,Batch_3,img11,img11,0.1314094118,0.2130594861,0.6555311021,Batch_3,True,
loso13,majority,4ih2ggld,Batch_1,img03,img03,0.1724137931,0.2413793103,0.5862068966,Batch_3,False,
loso13,majority,5n1q8atc,Batch_1,img03,img03,0.1724137931,0.2413793103,0.5862068966,Batch_3,False,
loso13,majority,f1vzngrs,Batch_1,img08,img08,0.2068965517,0.2068965517,0.5862068966,Batch_3,False,
loso13,majority,ffwubibz,Batch_1,img07,img07,0.2142857143,0.2142857143,0.5714285714,Batch_3,False,
loso13,majority,fzrt2k6r,Batch_1,img06,img06,0.2068965517,0.2068965517,0.5862068966,Batch_3,False,
loso13,majority,iv6g2oq0,Batch_1,img10,img10,0.2,0.2333333333,0.5666666667,Batch_3,False,
loso13,majority,uhdslk0o,Batch_1,img13,img13,0.2,0.2333333333,0.5666666667,Batch_3,False,
loso13,majority,3806gxp0,Batch_2,img02,img02,0.2413793103,0.1724137931,0.5862068966,Batch_3,False,
loso13,majority,avn74qx1,Batch_2,img02,img02,0.2413793103,0.1724137931,0.5862068966,Batch_3,False,
loso13,majority,b3esycq1,Batch_2,img06,img06,0.2068965517,0.2068965517,0.5862068966,Batch_3,False,
loso13,majority,epqdaau9,Batch_2,img08,img08,0.2068965517,0.2068965517,0.5862068966,Batch_3,False,
loso13,majority,i9jiqjwl,Batch_2,img09,img09,0.2413793103,0.2068965517,0.5517241379,Batch_3,False,
loso13,majority,r17byphk,Batch_2,img07,img07,0.2142857143,0.2142857143,0.5714285714,Batch_3,False,
loso13,majority,rxax5ozo,Batch_2,img12,img12,0.2592592593,0.2222222222,0.5185185185,Batch_3,False,
loso13,majority,0grcilhi,Batch_3,img01,img01,0.25,0.25,0.5,Batch_3,True,
loso13,majority,71vgq3fw,Batch_3,img04,img04,0.2592592593,0.2592592593,0.4814814815,Batch_3,True,
loso13,majority,9luzk4jm,Batch_3,img05,img05,0.25,0.25,0.5,Batch_3,True,
loso13,majority,cfe5vt7s,Batch_3,img07,img07,0.2142857143,0.2142857143,0.5714285714,Batch_3,True,
loso13,majority,hawkfj64,Batch_3,img01,img01,0.25,0.25,0.5,Batch_3,True,
loso13,majority,hzumfsms,Batch_3,img05,img05,0.25,0.25,0.5,Batch_3,True,
loso13,majority,kbdh4tri,Batch_3,img04,img04,0.2592592593,0.2592592593,0.4814814815,Batch_3,True,
loso13,majority,mgxahqnk,Batch_3,img01,img01,0.25,0.25,0.5,Batch_3,True,
loso13,majority,pl8uabbv,Batch_3,img09,img09,0.2413793103,0.2068965517,0.5517241379,Batch_3,True,
loso13,majority,ptg8lmto,Batch_3,img11,img11,0.2413793103,0.2413793103,0.5172413793,Batch_3,True,
loso13,majority,tuy3zymq,Batch_3,img04,img04,0.2592592593,0.2592592593,0.4814814815,Batch_3,True,
loso13,majority,ufdvpb81,Batch_3,img05,img05,0.25,0.25,0.5,Batch_3,True,
loso13,majority,utfgcjfa,Batch_3,img12,img12,0.2592592593,0.2222222222,0.5185185185,Batch_3,True,
loso13,majority,vc2whyaq,Batch_3,img12,img12,0.2592592593,0.2222222222,0.5185185185,Batch_3,True,
loso13,majority,x77cy643,Batch_3,img12,img12,0.2592592593,0.2222222222,0.5185185185,Batch_3,True,
loso13,majority,x7u69zsw,Batch_3,img04,img04,0.2592592593,0.2592592593,0.4814814815,Batch_3,True,
loso13,majority,xgj4xftb,Batch_3,img11,img11,0.2413793103,0.2413793103,0.5172413793,Batch_3,True,
loco_nbr,A,4ih2ggld,Batch_1,img03,4ih2ggld,0.6265637747,0.235602712,0.1378335134,Batch_1,True,0.316227766
loco_nbr,A,5n1q8atc,Batch_1,img03,5n1q8atc,0.7104693921,0.2008919015,0.08863870647,Batch_1,True,0.316227766
loco_nbr,A,f1vzngrs,Batch_1,img08,f1vzngrs,0.5161503399,0.2995671917,0.1842824684,Batch_1,True,0.316227766
loco_nbr,A,ffwubibz,Batch_1,img07,ffwubibz,0.3124482027,0.5095452832,0.1780065141,Batch_2,False,0.2371373706
loco_nbr,A,fzrt2k6r,Batch_1,img06,fzrt2k6r,0.2538387852,0.4708220834,0.2753391314,Batch_2,False,0.316227766
loco_nbr,A,iv6g2oq0,Batch_1,img10,iv6g2oq0,0.3115226468,0.5423606045,0.1461167487,Batch_2,False,0.316227766
loco_nbr,A,uhdslk0o,Batch_1,img13,uhdslk0o,0.5148345858,0.3526461802,0.132519234,Batch_1,True,0.316227766
loco_nbr,A,3806gxp0,Batch_2,img02,3806gxp0,0.1481309227,0.6636152056,0.1882538717,Batch_2,True,0.316227766
loco_nbr,A,avn74qx1,Batch_2,img02,avn74qx1,0.1628827543,0.6521055189,0.1850117268,Batch_2,True,0.316227766
loco_nbr,A,b3esycq1,Batch_2,img06,b3esycq1,0.807535129,0.05546913236,0.1369957386,Batch_1,False,0.2371373706
loco_nbr,A,epqdaau9,Batch_2,img08,epqdaau9,0.6300856651,0.2627395539,0.107174781,Batch_1,False,0.316227766
loco_nbr,A,i9jiqjwl,Batch_2,img09,i9jiqjwl,0.5470008657,0.297575836,0.1554232982,Batch_1,False,0.316227766
loco_nbr,A,r17byphk,Batch_2,img07,r17byphk,0.08889463217,0.1194891442,0.7916162237,Batch_3,False,0.2371373706
loco_nbr,A,rxax5ozo,Batch_2,img12,rxax5ozo,0.1530765241,0.5232459362,0.3236775396,Batch_2,True,0.316227766
loco_nbr,A,0grcilhi,Batch_3,img01,0grcilhi,0.1073321797,0.3298889427,0.5627788776,Batch_3,True,0.316227766
loco_nbr,A,71vgq3fw,Batch_3,img04,71vgq3fw,0.04224104407,0.03001013226,0.9277488237,Batch_3,True,0.2371373706
loco_nbr,A,9luzk4jm,Batch_3,img05,9luzk4jm,0.1054985781,0.1740199631,0.7204814588,Batch_3,True,0.4216965034
loco_nbr,A,cfe5vt7s,Batch_3,img07,cfe5vt7s,0.2434270121,0.2589631412,0.4976098467,Batch_3,True,0.316227766
loco_nbr,A,hawkfj64,Batch_3,img01,hawkfj64,0.2909054589,0.3236720618,0.3854224793,Batch_3,True,0.316227766
loco_nbr,A,hzumfsms,Batch_3,img05,hzumfsms,0.1028998761,0.1675503369,0.729549787,Batch_3,True,0.4216965034
loco_nbr,A,kbdh4tri,Batch_3,img04,kbdh4tri,0.1092528258,0.08676015256,0.8039870216,Batch_3,True,0.316227766
loco_nbr,A,mgxahqnk,Batch_3,img01,mgxahqnk,0.2452344544,0.3839030914,0.3708624543,Batch_2,False,0.316227766
loco_nbr,A,pl8uabbv,Batch_3,img09,pl8uabbv,0.29401453,0.6007457248,0.1052397452,Batch_2,False,0.2371373706
loco_nbr,A,ptg8lmto,Batch_3,img11,ptg8lmto,0.08291127536,0.2354791651,0.6816095596,Batch_3,True,0.316227766
loco_nbr,A,tuy3zymq,Batch_3,img04,tuy3zymq,0.08587020922,0.07837388435,0.8357559064,Batch_3,True,0.316227766
loco_nbr,A,ufdvpb81,Batch_3,img05,ufdvpb81,0.1184968065,0.2513036374,0.6301995562,Batch_3,True,0.316227766
loco_nbr,A,utfgcjfa,Batch_3,img12,utfgcjfa,0.1526923108,0.4793417505,0.3679659387,Batch_2,False,0.4216965034
loco_nbr,A,vc2whyaq,Batch_3,img12,vc2whyaq,0.1229683981,0.4918992062,0.3851323958,Batch_2,False,0.316227766
loco_nbr,A,x77cy643,Batch_3,img12,x77cy643,0.1398874278,0.6331134713,0.2269991009,Batch_2,False,0.4216965034
loco_nbr,A,x7u69zsw,Batch_3,img04,x7u69zsw,0.08225939393,0.05127679932,0.8664638067,Batch_3,True,0.316227766
loco_nbr,A,xgj4xftb,Batch_3,img11,xgj4xftb,0.1631983578,0.1556454422,0.6811562,Batch_3,True,0.316227766
loco_nbr,uniform_A,4ih2ggld,Batch_1,img03,4ih2ggld,0.7549535198,0.1606729678,0.08437351245,Batch_1,True,0.2371373706
loco_nbr,uniform_A,5n1q8atc,Batch_1,img03,5n1q8atc,0.8371799979,0.1156355546,0.04718444748,Batch_1,True,0.2371373706
loco_nbr,uniform_A,f1vzngrs,Batch_1,img08,f1vzngrs,0.6647306137,0.2405029159,0.09476647037,Batch_1,True,0.2371373706
loco_nbr,uniform_A,ffwubibz,Batch_1,img07,ffwubibz,0.7345520569,0.2256471005,0.03980084262,Batch_1,True,0.177827941
loco_nbr,uniform_A,fzrt2k6r,Batch_1,img06,fzrt2k6r,0.6155605862,0.3030343612,0.08140505257,Batch_1,True,0.2371373706
loco_nbr,uniform_A,iv6g2oq0,Batch_1,img10,iv6g2oq0,0.46267337,0.4711429705,0.06618365944,Batch_2,False,0.2371373706
loco_nbr,uniform_A,uhdslk0o,Batch_1,img13,uhdslk0o,0.8060095593,0.1469201013,0.04707033935,Batch_1,True,0.2371373706
loco_nbr,uniform_A,3806gxp0,Batch_2,img02,3806gxp0,0.05245024609,0.8050554847,0.1424942693,Batch_2,True,0.2371373706
loco_nbr,uniform_A,avn74qx1,Batch_2,img02,avn74qx1,0.0451073674,0.7966370255,0.1582556071,Batch_2,True,0.2371373706
loco_nbr,uniform_A,b3esycq1,Batch_2,img06,b3esycq1,0.9134910133,0.03814963455,0.04835935217,Batch_1,False,0.2371373706
loco_nbr,uniform_A,epqdaau9,Batch_2,img08,epqdaau9,0.7313913994,0.1951509699,0.07345763065,Batch_1,False,0.2371373706
loco_nbr,uniform_A,i9jiqjwl,Batch_2,img09,i9jiqjwl,0.6030001489,0.2746654123,0.1223344388,Batch_1,False,0.2371373706
loco_nbr,uniform_A,r17byphk,Batch_2,img07,r17byphk,0.06026476316,0.3295066476,0.6102285892,Batch_3,False,0.2371373706
loco_nbr,uniform_A,rxax5ozo,Batch_2,img12,rxax5ozo,0.06571725362,0.6132898336,0.3209929128,Batch_2,True,0.316227766
loco_nbr,uniform_A,0grcilhi,Batch_3,img01,0grcilhi,0.02279434577,0.2364134363,0.740792218,Batch_3,True,0.2371373706
loco_nbr,uniform_A,71vgq3fw,Batch_3,img04,71vgq3fw,0.1021698959,0.03108118048,0.8667489236,Batch_3,True,0.2371373706
loco_nbr,uniform_A,9luzk4jm,Batch_3,img05,9luzk4jm,0.05367160244,0.2173716988,0.7289566987,Batch_3,True,0.316227766
loco_nbr,uniform_A,cfe5vt7s,Batch_3,img07,cfe5vt7s,0.05179561844,0.3710530816,0.5771513,Batch_3,True,0.177827941
loco_nbr,uniform_A,hawkfj64,Batch_3,img01,hawkfj64,0.1320653906,0.3301635698,0.5377710396,Batch_3,True,0.316227766
loco_nbr,uniform_A,hzumfsms,Batch_3,img05,hzumfsms,0.05584310625,0.2178624835,0.7262944102,Batch_3,True,0.316227766
loco_nbr,uniform_A,kbdh4tri,Batch_3,img04,kbdh4tri,0.1551771786,0.05207697352,0.7927458478,Batch_3,True,0.2371373706
loco_nbr,uniform_A,mgxahqnk,Batch_3,img01,mgxahqnk,0.08026099568,0.3666673257,0.5530716786,Batch_3,True,0.316227766
loco_nbr,uniform_A,pl8uabbv,Batch_3,img09,pl8uabbv,0.4475604211,0.4779589181,0.07448066084,Batch_2,False,0.2371373706
loco_nbr,uniform_A,ptg8lmto,Batch_3,img11,ptg8lmto,0.06766960745,0.1456624628,0.7866679298,Batch_3,True,0.2371373706
loco_nbr,uniform_A,tuy3zymq,Batch_3,img04,tuy3zymq,0.104576315,0.05442748889,0.8409961961,Batch_3,True,0.2371373706
loco_nbr,uniform_A,ufdvpb81,Batch_3,img05,ufdvpb81,0.04400891617,0.3002867535,0.6557043304,Batch_3,True,0.2371373706
loco_nbr,uniform_A,utfgcjfa,Batch_3,img12,utfgcjfa,0.03879549228,0.6523397582,0.3088647495,Batch_2,False,0.2371373706
loco_nbr,uniform_A,vc2whyaq,Batch_3,img12,vc2whyaq,0.08862970878,0.5669542107,0.3444160805,Batch_2,False,0.316227766
loco_nbr,uniform_A,x77cy643,Batch_3,img12,x77cy643,0.02753772804,0.8554295952,0.1170326768,Batch_2,False,0.2371373706
loco_nbr,uniform_A,x7u69zsw,Batch_3,img04,x7u69zsw,0.1206785246,0.027816061,0.8515054144,Batch_3,True,0.2371373706
loco_nbr,uniform_A,xgj4xftb,Batch_3,img11,xgj4xftb,0.1542025606,0.0714958275,0.7743016119,Batch_3,True,0.2371373706
loco_nbr,B,4ih2ggld,Batch_1,img03,4ih2ggld,0.4936986144,0.2549524733,0.2513489123,Batch_1,True,0.4216965034
loco_nbr,B,5n1q8atc,Batch_1,img03,5n1q8atc,0.5626601185,0.2441286059,0.1932112756,Batch_1,True,0.4216965034
loco_nbr,B,f1vzngrs,Batch_1,img08,f1vzngrs,0.4254225676,0.3275355167,0.2470419156,Batch_1,True,0.4216965034
loco_nbr,B,ffwubibz,Batch_1,img07,ffwubibz,0.194408998,0.5817536417,0.2238373603,Batch_2,False,0.2371373706
loco_nbr,B,fzrt2k6r,Batch_1,img06,fzrt2k6r,0.2103991929,0.5019223164,0.2876784906,Batch_2,False,0.4216965034
loco_nbr,B,iv6g2oq0,Batch_1,img10,iv6g2oq0,0.2160263638,0.6307595475,0.1532140887,Batch_2,False,0.316227766
loco_nbr,B,uhdslk0o,Batch_1,img13,uhdslk0o,0.40964335,0.3627607267,0.2275959233,Batch_1,True,0.4216965034
loco_nbr,B,3806gxp0,Batch_2,img02,3806gxp0,0.2260521029,0.5468360692,0.227111828,Batch_2,True,0.4216965034
loco_nbr,B,avn74qx1,Batch_2,img02,avn74qx1,0.2330460971,0.5380470911,0.2289068118,Batch_2,True,0.4216965034
loco_nbr,B,b3esycq1,Batch_2,img06,b3esycq1,0.6207018236,0.1726060844,0.206692092,Batch_1,False,0.316227766
loco_nbr,B,epqdaau9,Batch_2,img08,epqdaau9,0.541167394,0.2942881957,0.1645444104,Batch_1,False,0.4216965034
loco_nbr,B,i9jiqjwl,Batch_2,img09,i9jiqjwl,0.4613702207,0.3219662049,0.2166635744,Batch_1,False,0.316227766
loco_nbr,B,r17byphk,Batch_2,img07,r17byphk,0.1020268669,0.2061026405,0.6918704926,Batch_3,False,0.316227766
loco_nbr,B,rxax5ozo,Batch_2,img12,rxax5ozo,0.2552436129,0.419003736,0.3257526511,Batch_2,True,0.5623413252
loco_nbr,B,0grcilhi,Batch_3,img01,0grcilhi,0.1504991377,0.3221131848,0.5273876775,Batch_3,True,0.316227766
loco_nbr,B,71vgq3fw,Batch_3,img04,71vgq3fw,0.199848657,0.2047693564,0.5953819867,Batch_3,True,0.5623413252
loco_nbr,B,9luzk4jm,Batch_3,img05,9luzk4jm,0.256521599,0.3343558215,0.4091225794,Batch_3,True,0.5623413252
loco_nbr,B,cfe5vt7s,Batch_3,img07,cfe5vt7s,0.2235499926,0.2813812467,0.4950687607,Batch_3,True,0.5623413252
loco_nbr,B,hawkfj64,Batch_3,img01,hawkfj64,0.3693542497,0.3063441616,0.3243015887,Batch_1,False,0.316227766
loco_nbr,B,hzumfsms,Batch_3,img05,hzumfsms,0.2549357422,0.3267097947,0.418354463,Batch_3,True,0.5623413252
loco_nbr,B,kbdh4tri,Batch_3,img04,kbdh4tri,0.258478955,0.2637417743,0.4777792706,Batch_3,True,1
loco_nbr,B,mgxahqnk,Batch_3,img01,mgxahqnk,0.3656150719,0.3594798408,0.2749050873,Batch_1,False,0.316227766
loco_nbr,B,pl8uabbv,Batch_3,img09,pl8uabbv,0.3279804022,0.4028065635,0.2692130343,Batch_2,False,0.4216965034
loco_nbr,B,ptg8lmto,Batch_3,img11,ptg8lmto,0.1323049783,0.2264869153,0.6412081064,Batch_3,True,0.4216965034
loco_nbr,B,tuy3zymq,Batch_3,img04,tuy3zymq,0.2497077513,0.2665449454,0.4837473033,Batch_3,True,1
loco_nbr,B,ufdvpb81,Batch_3,img05,ufdvpb81,0.2711460164,0.3614553413,0.3673986422,Batch_3,True,0.4216965034
loco_nbr,B,utfgcjfa,Batch_3,img12,utfgcjfa,0.2368359713,0.3975702737,0.365593755,Batch_2,False,0.7498942093
loco_nbr,B,vc2whyaq,Batch_3,img12,vc2whyaq,0.2056189537,0.4350735575,0.3593074888,Batch_2,False,0.5623413252
loco_nbr,B,x77cy643,Batch_3,img12,x77cy643,0.230259368,0.4608881394,0.3088524927,Batch_2,False,0.7498942093
loco_nbr,B,x7u69zsw,Batch_3,img04,x7u69zsw,0.2364873337,0.1792847251,0.5842279412,Batch_3,True,0.5623413252
loco_nbr,B,xgj4xftb,Batch_3,img11,xgj4xftb,0.1893379046,0.1685234043,0.6421386911,Batch_3,True,0.4216965034
loco_nbr,uniform_B,4ih2ggld,Batch_1,img03,4ih2ggld,0.5047712257,0.2374315402,0.2577972341,Batch_1,True,0.316227766
loco_nbr,uniform_B,5n1q8atc,Batch_1,img03,5n1q8atc,0.6104223246,0.2103511662,0.1792265092,Batch_1,True,0.316227766
loco_nbr,uniform_B,f1vzngrs,Batch_1,img08,f1vzngrs,0.5065013807,0.3159690305,0.1775295888,Batch_1,True,0.316227766
loco_nbr,uniform_B,ffwubibz,Batch_1,img07,ffwubibz,0.3691739067,0.495229452,0.1355966413,Batch_2,False,0.2371373706
loco_nbr,uniform_B,fzrt2k6r,Batch_1,img06,fzrt2k6r,0.2807277655,0.5855750967,0.1336971377,Batch_2,False,0.316227766
loco_nbr,uniform_B,iv6g2oq0,Batch_1,img10,iv6g2oq0,0.1856617609,0.7511278883,0.06321035077,Batch_2,False,0.2371373706
loco_nbr,uniform_B,uhdslk0o,Batch_1,img13,uhdslk0o,0.5228878655,0.2855529677,0.1915591668,Batch_1,True,0.4216965034
loco_nbr,uniform_B,3806gxp0,Batch_2,img02,3806gxp0,0.2018765956,0.6346310909,0.1634923135,Batch_2,True,0.316227766
loco_nbr,uniform_B,avn74qx1,Batch_2,img02,avn74qx1,0.1764488314,0.6370098837,0.1865412849,Batch_2,True,0.316227766
loco_nbr,uniform_B,b3esycq1,Batch_2,img06,b3esycq1,0.7143995536,0.1717874459,0.1138130005,Batch_1,False,0.316227766
loco_nbr,uniform_B,epqdaau9,Batch_2,img08,epqdaau9,0.6390410368,0.2328112629,0.1281477003,Batch_1,False,0.316227766
loco_nbr,uniform_B,i9jiqjwl,Batch_2,img09,i9jiqjwl,0.5357783846,0.2810182086,0.1832034068,Batch_1,False,0.316227766
loco_nbr,uniform_B,r17byphk,Batch_2,img07,r17byphk,0.1693948871,0.3955484654,0.4350566475,Batch_3,False,0.316227766
loco_nbr,uniform_B,rxax5ozo,Batch_2,img12,rxax5ozo,0.1854840951,0.5752066108,0.2393092942,Batch_2,True,0.316227766
loco_nbr,uniform_B,0grcilhi,Batch_3,img01,0grcilhi,0.1128172537,0.2467552006,0.6404275457,Batch_3,True,0.316227766
loco_nbr,uniform_B,71vgq3fw,Batch_3,img04,71vgq3fw,0.08461728298,0.0550760064,0.8603067106,Batch_3,True,0.316227766
loco_nbr,uniform_B,9luzk4jm,Batch_3,img05,9luzk4jm,0.2224472256,0.3265851027,0.4509676717,Batch_3,True,0.316227766
loco_nbr,uniform_B,cfe5vt7s,Batch_3,img07,cfe5vt7s,0.2153293355,0.3329296174,0.4517410471,Batch_3,True,0.316227766
loco_nbr,uniform_B,hawkfj64,Batch_3,img01,hawkfj64,0.2697249179,0.2729811491,0.4572939329,Batch_3,True,0.316227766
loco_nbr,uniform_B,hzumfsms,Batch_3,img05,hzumfsms,0.208810667,0.3212360049,0.4699533281,Batch_3,True,0.316227766
loco_nbr,uniform_B,kbdh4tri,Batch_3,img04,kbdh4tri,0.09385734477,0.06429023726,0.841852418,Batch_3,True,0.316227766
loco_nbr,uniform_B,mgxahqnk,Batch_3,img01,mgxahqnk,0.3028575187,0.329144682,0.3679977992,Batch_3,True,0.316227766
loco_nbr,uniform_B,pl8uabbv,Batch_3,img09,pl8uabbv,0.3915317348,0.3845611393,0.2239071259,Batch_1,False,0.316227766
loco_nbr,uniform_B,ptg8lmto,Batch_3,img11,ptg8lmto,0.0720877006,0.09947541298,0.8284368864,Batch_3,True,0.316227766
loco_nbr,uniform_B,tuy3zymq,Batch_3,img04,tuy3zymq,0.06357834333,0.07088102574,0.8655406309,Batch_3,True,0.316227766
loco_nbr,uniform_B,ufdvpb81,Batch_3,img05,ufdvpb81,0.2702458925,0.434769432,0.2949846755,Batch_2,False,0.316227766
loco_nbr,uniform_B,utfgcjfa,Batch_3,img12,utfgcjfa,0.136076472,0.540721969,0.323201559,Batch_2,False,0.316227766
loco_nbr,uniform_B,vc2whyaq,Batch_3,img12,vc2whyaq,0.1360826336,0.5740012066,0.2899161598,Batch_2,False,0.316227766
loco_nbr,uniform_B,x77cy643,Batch_3,img12,x77cy643,0.1161935075,0.6911051098,0.1927013827,Batch_2,False,0.316227766
loco_nbr,uniform_B,x7u69zsw,Batch_3,img04,x7u69zsw,0.1184504774,0.04972437012,0.8318251525,Batch_3,True,0.316227766
loco_nbr,uniform_B,xgj4xftb,Batch_3,img11,xgj4xftb,0.09453169356,0.06008203266,0.8453862738,Batch_3,True,0.316227766
loco_nbr,acquisition,4ih2ggld,Batch_1,img03,4ih2ggld,0.6769725699,0.2600187754,0.06300865471,Batch_1,True,0.4216965034
loco_nbr,acquisition,5n1q8atc,Batch_1,img03,5n1q8atc,0.727234664,0.2269828338,0.04578250214,Batch_1,True,0.4216965034
loco_nbr,acquisition,f1vzngrs,Batch_1,img08,f1vzngrs,0.4512640892,0.3802960261,0.1684398847,Batch_1,True,0.5623413252
loco_nbr,acquisition,ffwubibz,Batch_1,img07,ffwubibz,0.7511973079,0.1845574256,0.06424526652,Batch_1,True,0.4216965034
loco_nbr,acquisition,fzrt2k6r,Batch_1,img06,fzrt2k6r,0.7541186466,0.1335540471,0.1123273063,Batch_1,True,0.4216965034
loco_nbr,acquisition,iv6g2oq0,Batch_1,img10,iv6g2oq0,0.6487639886,0.2616809399,0.08955507151,Batch_1,True,0.4216965034
loco_nbr,acquisition,uhdslk0o,Batch_1,img13,uhdslk0o,0.7335589083,0.2234195349,0.04302155678,Batch_1,True,0.4216965034
loco_nbr,acquisition,3806gxp0,Batch_2,img02,3806gxp0,0.135251012,0.7177396184,0.1470093696,Batch_2,True,0.4216965034
loco_nbr,acquisition,avn74qx1,Batch_2,img02,avn74qx1,0.127458289,0.7212921243,0.1512495867,Batch_2,True,0.4216965034
loco_nbr,acquisition,b3esycq1,Batch_2,img06,b3esycq1,0.8575768744,0.04431240578,0.09811071983,Batch_1,False,0.4216965034
loco_nbr,acquisition,epqdaau9,Batch_2,img08,epqdaau9,0.4521460853,0.3827287878,0.1651251269,Batch_1,False,0.5623413252
loco_nbr,acquisition,i9jiqjwl,Batch_2,img09,i9jiqjwl,0.6049046087,0.3124037448,0.08269164642,Batch_1,False,0.4216965034
loco_nbr,acquisition,r17byphk,Batch_2,img07,r17byphk,0.3717995988,0.1855632001,0.4426372011,Batch_3,False,0.4216965034
loco_nbr,acquisition,rxax5ozo,Batch_2,img12,rxax5ozo,0.05672060082,0.6095678608,0.3337115384,Batch_2,True,0.4216965034
loco_nbr,acquisition,0grcilhi,Batch_3,img01,0grcilhi,0.1007654573,0.3178394756,0.5813950671,Batch_3,True,0.5623413252
loco_nbr,acquisition,71vgq3fw,Batch_3,img04,71vgq3fw,0.09125076934,0.05117204364,0.857577187,Batch_3,True,0.4216965034
loco_nbr,acquisition,9luzk4jm,Batch_3,img05,9luzk4jm,0.03401516083,0.07069948511,0.8952853541,Batch_3,True,0.5623413252
loco_nbr,acquisition,cfe5vt7s,Batch_3,img07,cfe5vt7s,0.4683933269,0.2995672547,0.2320394184,Batch_1,False,0.4216965034
loco_nbr,acquisition,hawkfj64,Batch_3,img01,hawkfj64,0.1156948984,0.3120777902,0.5722273115,Batch_3,True,0.5623413252
loco_nbr,acquisition,hzumfsms,Batch_3,img05,hzumfsms,0.04226399772,0.07719621696,0.8805397853,Batch_3,True,0.5623413252
loco_nbr,acquisition,kbdh4tri,Batch_3,img04,kbdh4tri,0.149290817,0.09307124873,0.7576379342,Batch_3,True,0.4216965034
loco_nbr,acquisition,mgxahqnk,Batch_3,img01,mgxahqnk,0.05994562713,0.2776372715,0.6624171013,Batch_3,True,0.5623413252
loco_nbr,acquisition,pl8uabbv,Batch_3,img09,pl8uabbv,0.3290814213,0.6225281375,0.04839044126,Batch_2,False,0.4216965034
loco_nbr,acquisition,ptg8lmto,Batch_3,img11,ptg8lmto,0.1104150341,0.3131562056,0.5764287603,Batch_3,True,0.5623413252
loco_nbr,acquisition,tuy3zymq,Batch_3,img04,tuy3zymq,0.1162647466,0.07874742776,0.8049878256,Batch_3,True,0.4216965034
loco_nbr,acquisition,ufdvpb81,Batch_3,img05,ufdvpb81,0.02616074675,0.07505228472,0.8987869685,Batch_3,True,0.4216965034
loco_nbr,acquisition,utfgcjfa,Batch_3,img12,utfgcjfa,0.06537718075,0.6696535904,0.2649692288,Batch_2,False,0.4216965034
loco_nbr,acquisition,vc2whyaq,Batch_3,img12,vc2whyaq,0.1574357754,0.4649723236,0.377591901,Batch_2,False,0.4216965034
loco_nbr,acquisition,x77cy643,Batch_3,img12,x77cy643,0.06189082042,0.8223984995,0.1157106801,Batch_2,False,0.4216965034
loco_nbr,acquisition,x7u69zsw,Batch_3,img04,x7u69zsw,0.067012704,0.04246266473,0.8905246313,Batch_3,True,0.4216965034
loco_nbr,acquisition,xgj4xftb,Batch_3,img11,xgj4xftb,0.1795245479,0.2219818795,0.5984935726,Batch_3,True,0.5623413252
loco_nbr,dinov2s_legacy,4ih2ggld,Batch_1,img03,4ih2ggld,0.4936986144,0.2549524733,0.2513489123,Batch_1,True,0.4216965034
loco_nbr,dinov2s_legacy,5n1q8atc,Batch_1,img03,5n1q8atc,0.5626601185,0.2441286059,0.1932112756,Batch_1,True,0.4216965034
loco_nbr,dinov2s_legacy,f1vzngrs,Batch_1,img08,f1vzngrs,0.4254225676,0.3275355167,0.2470419156,Batch_1,True,0.4216965034
loco_nbr,dinov2s_legacy,ffwubibz,Batch_1,img07,ffwubibz,0.194408998,0.5817536417,0.2238373603,Batch_2,False,0.2371373706
loco_nbr,dinov2s_legacy,fzrt2k6r,Batch_1,img06,fzrt2k6r,0.2103991929,0.5019223164,0.2876784906,Batch_2,False,0.4216965034
loco_nbr,dinov2s_legacy,iv6g2oq0,Batch_1,img10,iv6g2oq0,0.2160263638,0.6307595475,0.1532140887,Batch_2,False,0.316227766
loco_nbr,dinov2s_legacy,uhdslk0o,Batch_1,img13,uhdslk0o,0.40964335,0.3627607267,0.2275959233,Batch_1,True,0.4216965034
loco_nbr,dinov2s_legacy,3806gxp0,Batch_2,img02,3806gxp0,0.2260521029,0.5468360692,0.227111828,Batch_2,True,0.4216965034
loco_nbr,dinov2s_legacy,avn74qx1,Batch_2,img02,avn74qx1,0.2330460971,0.5380470911,0.2289068118,Batch_2,True,0.4216965034
loco_nbr,dinov2s_legacy,b3esycq1,Batch_2,img06,b3esycq1,0.6207018236,0.1726060844,0.206692092,Batch_1,False,0.316227766
loco_nbr,dinov2s_legacy,epqdaau9,Batch_2,img08,epqdaau9,0.541167394,0.2942881957,0.1645444104,Batch_1,False,0.4216965034
loco_nbr,dinov2s_legacy,i9jiqjwl,Batch_2,img09,i9jiqjwl,0.4613702207,0.3219662049,0.2166635744,Batch_1,False,0.316227766
loco_nbr,dinov2s_legacy,r17byphk,Batch_2,img07,r17byphk,0.1020268669,0.2061026405,0.6918704926,Batch_3,False,0.316227766
loco_nbr,dinov2s_legacy,rxax5ozo,Batch_2,img12,rxax5ozo,0.2552436129,0.419003736,0.3257526511,Batch_2,True,0.5623413252
loco_nbr,dinov2s_legacy,0grcilhi,Batch_3,img01,0grcilhi,0.1504991377,0.3221131848,0.5273876775,Batch_3,True,0.316227766
loco_nbr,dinov2s_legacy,71vgq3fw,Batch_3,img04,71vgq3fw,0.199848657,0.2047693564,0.5953819867,Batch_3,True,0.5623413252
loco_nbr,dinov2s_legacy,9luzk4jm,Batch_3,img05,9luzk4jm,0.256521599,0.3343558215,0.4091225794,Batch_3,True,0.5623413252
loco_nbr,dinov2s_legacy,cfe5vt7s,Batch_3,img07,cfe5vt7s,0.2235499926,0.2813812467,0.4950687607,Batch_3,True,0.5623413252
loco_nbr,dinov2s_legacy,hawkfj64,Batch_3,img01,hawkfj64,0.3693542497,0.3063441616,0.3243015887,Batch_1,False,0.316227766
loco_nbr,dinov2s_legacy,hzumfsms,Batch_3,img05,hzumfsms,0.2549357422,0.3267097947,0.418354463,Batch_3,True,0.5623413252
loco_nbr,dinov2s_legacy,kbdh4tri,Batch_3,img04,kbdh4tri,0.258478955,0.2637417743,0.4777792706,Batch_3,True,1
loco_nbr,dinov2s_legacy,mgxahqnk,Batch_3,img01,mgxahqnk,0.3656150719,0.3594798408,0.2749050873,Batch_1,False,0.316227766
loco_nbr,dinov2s_legacy,pl8uabbv,Batch_3,img09,pl8uabbv,0.3279804022,0.4028065635,0.2692130343,Batch_2,False,0.4216965034
loco_nbr,dinov2s_legacy,ptg8lmto,Batch_3,img11,ptg8lmto,0.1323049783,0.2264869153,0.6412081064,Batch_3,True,0.4216965034
loco_nbr,dinov2s_legacy,tuy3zymq,Batch_3,img04,tuy3zymq,0.2497077513,0.2665449454,0.4837473033,Batch_3,True,1
loco_nbr,dinov2s_legacy,ufdvpb81,Batch_3,img05,ufdvpb81,0.2711460164,0.3614553413,0.3673986422,Batch_3,True,0.4216965034
loco_nbr,dinov2s_legacy,utfgcjfa,Batch_3,img12,utfgcjfa,0.2368359713,0.3975702737,0.365593755,Batch_2,False,0.7498942093
loco_nbr,dinov2s_legacy,vc2whyaq,Batch_3,img12,vc2whyaq,0.2056189537,0.4350735575,0.3593074888,Batch_2,False,0.5623413252
loco_nbr,dinov2s_legacy,x77cy643,Batch_3,img12,x77cy643,0.230259368,0.4608881394,0.3088524927,Batch_2,False,0.7498942093
loco_nbr,dinov2s_legacy,x7u69zsw,Batch_3,img04,x7u69zsw,0.2364873337,0.1792847251,0.5842279412,Batch_3,True,0.5623413252
loco_nbr,dinov2s_legacy,xgj4xftb,Batch_3,img11,xgj4xftb,0.1893379046,0.1685234043,0.6421386911,Batch_3,True,0.4216965034
loco_nbr,family:legacy_acq,4ih2ggld,Batch_1,img03,4ih2ggld,0.5943247982,0.3148843107,0.09079089108,Batch_1,True,
loco_nbr,family:legacy_acq,5n1q8atc,Batch_1,img03,5n1q8atc,0.6180114142,0.3142555756,0.06773301014,Batch_1,True,
loco_nbr,family:legacy_acq,f1vzngrs,Batch_1,img08,f1vzngrs,0.2834176035,0.5950040103,0.1215783862,Batch_2,False,
loco_nbr,family:legacy_acq,ffwubibz,Batch_1,img07,ffwubibz,0.4091848742,0.3249469302,0.2658681957,Batch_1,True,
loco_nbr,family:legacy_acq,fzrt2k6r,Batch_1,img06,fzrt2k6r,0.4350013511,0.311898082,0.2531005669,Batch_1,True,
loco_nbr,family:legacy_acq,iv6g2oq0,Batch_1,img10,iv6g2oq0,0.3680827804,0.3679377425,0.2639794771,Batch_1,True,
loco_nbr,family:legacy_acq,uhdslk0o,Batch_1,img13,uhdslk0o,0.4120369424,0.3717108258,0.2162522318,Batch_1,True,
loco_nbr,family:legacy_acq,3806gxp0,Batch_2,img02,3806gxp0,0.3567770459,0.4372573393,0.2059656148,Batch_2,True,
loco_nbr,family:legacy_acq,avn74qx1,Batch_2,img02,avn74qx1,0.3542979253,0.4375508082,0.2081512664,Batch_2,True,
loco_nbr,family:legacy_acq,b3esycq1,Batch_2,img06,b3esycq1,0.5591678025,0.2140117419,0.2268204556,Batch_1,False,
loco_nbr,family:legacy_acq,epqdaau9,Batch_2,img08,epqdaau9,0.2762506653,0.5825506965,0.1411986382,Batch_2,True,
loco_nbr,family:legacy_acq,i9jiqjwl,Batch_2,img09,i9jiqjwl,0.5794283388,0.2916955467,0.1288761145,Batch_1,False,
loco_nbr,family:legacy_acq,r17byphk,Batch_2,img07,r17byphk,0.4399118384,0.2279037784,0.3321843832,Batch_1,False,
loco_nbr,family:legacy_acq,rxax5ozo,Batch_2,img12,rxax5ozo,0.2323236816,0.3961347381,0.3715415804,Batch_2,True,
loco_nbr,family:legacy_acq,0grcilhi,Batch_3,img01,0grcilhi,0.1955076022,0.3084023349,0.4960900629,Batch_3,True,
loco_nbr,family:legacy_acq,71vgq3fw,Batch_3,img04,71vgq3fw,0.004189935529,0.008473655466,0.987336409,Batch_3,True,
loco_nbr,family:legacy_acq,9luzk4jm,Batch_3,img05,9luzk4jm,0.1239524151,0.1187214796,0.7573261053,Batch_3,True,
loco_nbr,family:legacy_acq,cfe5vt7s,Batch_3,img07,cfe5vt7s,0.4108851517,0.2830883147,0.3060265335,Batch_1,False,
loco_nbr,family:legacy_acq,hawkfj64,Batch_3,img01,hawkfj64,0.1931332638,0.3137421914,0.4931245448,Batch_3,True,
loco_nbr,family:legacy_acq,hzumfsms,Batch_3,img05,hzumfsms,0.1325209149,0.1207538877,0.7467251974,Batch_3,True,
loco_nbr,family:legacy_acq,kbdh4tri,Batch_3,img04,kbdh4tri,0.002210261117,0.005478492397,0.9923112465,Batch_3,True,
loco_nbr,family:legacy_acq,mgxahqnk,Batch_3,img01,mgxahqnk,0.1729006383,0.2907585238,0.5363408378,Batch_3,True,
loco_nbr,family:legacy_acq,pl8uabbv,Batch_3,img09,pl8uabbv,0.4495163805,0.4487570591,0.1017265604,Batch_1,False,
loco_nbr,family:legacy_acq,ptg8lmto,Batch_3,img11,ptg8lmto,0.3071340123,0.3719456405,0.3209203473,Batch_2,False,
loco_nbr,family:legacy_acq,tuy3zymq,Batch_3,img04,tuy3zymq,0.001733553851,0.004399912393,0.9938665338,Batch_3,True,
loco_nbr,family:legacy_acq,ufdvpb81,Batch_3,img05,ufdvpb81,0.1748859318,0.1502229611,0.6748911071,Batch_3,True,
loco_nbr,family:legacy_acq,utfgcjfa,Batch_3,img12,utfgcjfa,0.2419065574,0.4137462265,0.3443472161,Batch_2,False,
loco_nbr,family:legacy_acq,vc2whyaq,Batch_3,img12,vc2whyaq,0.2792070483,0.3304926545,0.3903002972,Batch_3,True,
loco_nbr,family:legacy_acq,x77cy643,Batch_3,img12,x77cy643,0.2387821986,0.4962751067,0.2649426948,Batch_2,False,
loco_nbr,family:legacy_acq,x7u69zsw,Batch_3,img04,x7u69zsw,0.003752535371,0.008091234867,0.9881562298,Batch_3,True,
loco_nbr,family:legacy_acq,xgj4xftb,Batch_3,img11,xgj4xftb,0.2193863617,0.317094007,0.4635196312,Batch_3,True,
loco_nbr,family:legacy_dinov2s,4ih2ggld,Batch_1,img03,4ih2ggld,0.5340108323,0.2446243034,0.2213648643,Batch_1,True,
loco_nbr,family:legacy_dinov2s,5n1q8atc,Batch_1,img03,5n1q8atc,0.551136356,0.2479008637,0.2009627803,Batch_1,True,
loco_nbr,family:legacy_dinov2s,f1vzngrs,Batch_1,img08,f1vzngrs,0.5156741218,0.3366906164,0.1476352617,Batch_1,True,
loco_nbr,family:legacy_dinov2s,ffwubibz,Batch_1,img07,ffwubibz,0.3750641723,0.3388326385,0.2861031892,Batch_1,True,
loco_nbr,family:legacy_dinov2s,fzrt2k6r,Batch_1,img06,fzrt2k6r,0.2921681331,0.4810837181,0.2267481488,Batch_2,False,
loco_nbr,family:legacy_dinov2s,iv6g2oq0,Batch_1,img10,iv6g2oq0,0.2808572981,0.5297547627,0.1893879391,Batch_2,False,
loco_nbr,family:legacy_dinov2s,uhdslk0o,Batch_1,img13,uhdslk0o,0.4868774073,0.2893887111,0.2237338816,Batch_1,True,
loco_nbr,family:legacy_dinov2s,3806gxp0,Batch_2,img02,3806gxp0,0.2435933271,0.4892222598,0.267184413,Batch_2,True,
loco_nbr,family:legacy_dinov2s,avn74qx1,Batch_2,img02,avn74qx1,0.2127738536,0.5727858535,0.2144402929,Batch_2,True,
loco_nbr,family:legacy_dinov2s,b3esycq1,Batch_2,img06,b3esycq1,0.5623699518,0.2187526724,0.2188773758,Batch_1,False,
loco_nbr,family:legacy_dinov2s,epqdaau9,Batch_2,img08,epqdaau9,0.5084772411,0.2989554344,0.1925673244,Batch_1,False,
loco_nbr,family:legacy_dinov2s,i9jiqjwl,Batch_2,img09,i9jiqjwl,0.5022704146,0.2433337303,0.2543958552,Batch_1,False,
loco_nbr,family:legacy_dinov2s,r17byphk,Batch_2,img07,r17byphk,0.1726810991,0.3050052716,0.5223136293,Batch_3,False,
loco_nbr,family:legacy_dinov2s,rxax5ozo,Batch_2,img12,rxax5ozo,0.2219910191,0.4536460132,0.3243629676,Batch_2,True,
loco_nbr,family:legacy_dinov2s,0grcilhi,Batch_3,img01,0grcilhi,0.1265328564,0.2732591708,0.6002079728,Batch_3,True,
loco_nbr,family:legacy_dinov2s,71vgq3fw,Batch_3,img04,71vgq3fw,0.128289335,0.09966441778,0.7720462472,Batch_3,True,
loco_nbr,family:legacy_dinov2s,9luzk4jm,Batch_3,img05,9luzk4jm,0.2047176515,0.2701489318,0.5251334167,Batch_3,True,
loco_nbr,family:legacy_dinov2s,cfe5vt7s,Batch_3,img07,cfe5vt7s,0.2155251882,0.276382853,0.5080919588,Batch_3,True,
loco_nbr,family:legacy_dinov2s,hawkfj64,Batch_3,img01,hawkfj64,0.3423804942,0.2754920418,0.382127464,Batch_3,True,
loco_nbr,family:legacy_dinov2s,hzumfsms,Batch_3,img05,hzumfsms,0.193798162,0.2395228607,0.5666789773,Batch_3,True,
loco_nbr,family:legacy_dinov2s,kbdh4tri,Batch_3,img04,kbdh4tri,0.1165462688,0.09304179175,0.7904119394,Batch_3,True,
loco_nbr,family:legacy_dinov2s,mgxahqnk,Batch_3,img01,mgxahqnk,0.3633796733,0.2807953792,0.3558249476,Batch_1,False,
loco_nbr,family:legacy_dinov2s,pl8uabbv,Batch_3,img09,pl8uabbv,0.3552414749,0.3753123798,0.2694461453,Batch_2,False,
loco_nbr,family:legacy_dinov2s,ptg8lmto,Batch_3,img11,ptg8lmto,0.08911521097,0.2068840417,0.7040007474,Batch_3,True,
loco_nbr,family:legacy_dinov2s,tuy3zymq,Batch_3,img04,tuy3zymq,0.101494291,0.1105635704,0.7879421386,Batch_3,True,
loco_nbr,family:legacy_dinov2s,ufdvpb81,Batch_3,img05,ufdvpb81,0.2641975235,0.3652487287,0.3705537478,Batch_3,True,
loco_nbr,family:legacy_dinov2s,utfgcjfa,Batch_3,img12,utfgcjfa,0.1645102283,0.4736497482,0.3618400235,Batch_2,False,
loco_nbr,family:legacy_dinov2s,vc2whyaq,Batch_3,img12,vc2whyaq,0.1823881539,0.4407382995,0.3768735466,Batch_2,False,
loco_nbr,family:legacy_dinov2s,x77cy643,Batch_3,img12,x77cy643,0.1257818393,0.5894264371,0.2847917236,Batch_2,False,
loco_nbr,family:legacy_dinov2s,x7u69zsw,Batch_3,img04,x7u69zsw,0.1690389894,0.08455126269,0.746409748,Batch_3,True,
loco_nbr,family:legacy_dinov2s,xgj4xftb,Batch_3,img11,xgj4xftb,0.1635316825,0.1203393916,0.716128926,Batch_3,True,
loco_nbr,best_single_family,4ih2ggld,Batch_1,img03,4ih2ggld,0.5943247982,0.3148843107,0.09079089108,Batch_1,True,
loco_nbr,best_single_family,5n1q8atc,Batch_1,img03,5n1q8atc,0.6180114142,0.3142555756,0.06773301014,Batch_1,True,
loco_nbr,best_single_family,f1vzngrs,Batch_1,img08,f1vzngrs,0.2834176035,0.5950040103,0.1215783862,Batch_2,False,
loco_nbr,best_single_family,ffwubibz,Batch_1,img07,ffwubibz,0.4091848742,0.3249469302,0.2658681957,Batch_1,True,
loco_nbr,best_single_family,fzrt2k6r,Batch_1,img06,fzrt2k6r,0.4350013511,0.311898082,0.2531005669,Batch_1,True,
loco_nbr,best_single_family,iv6g2oq0,Batch_1,img10,iv6g2oq0,0.3680827804,0.3679377425,0.2639794771,Batch_1,True,
loco_nbr,best_single_family,uhdslk0o,Batch_1,img13,uhdslk0o,0.4120369424,0.3717108258,0.2162522318,Batch_1,True,
loco_nbr,best_single_family,3806gxp0,Batch_2,img02,3806gxp0,0.3567770459,0.4372573393,0.2059656148,Batch_2,True,
loco_nbr,best_single_family,avn74qx1,Batch_2,img02,avn74qx1,0.3542979253,0.4375508082,0.2081512664,Batch_2,True,
loco_nbr,best_single_family,b3esycq1,Batch_2,img06,b3esycq1,0.5591678025,0.2140117419,0.2268204556,Batch_1,False,
loco_nbr,best_single_family,epqdaau9,Batch_2,img08,epqdaau9,0.2762506653,0.5825506965,0.1411986382,Batch_2,True,
loco_nbr,best_single_family,i9jiqjwl,Batch_2,img09,i9jiqjwl,0.5794283388,0.2916955467,0.1288761145,Batch_1,False,
loco_nbr,best_single_family,r17byphk,Batch_2,img07,r17byphk,0.4399118384,0.2279037784,0.3321843832,Batch_1,False,
loco_nbr,best_single_family,rxax5ozo,Batch_2,img12,rxax5ozo,0.2323236816,0.3961347381,0.3715415804,Batch_2,True,
loco_nbr,best_single_family,0grcilhi,Batch_3,img01,0grcilhi,0.1955076022,0.3084023349,0.4960900629,Batch_3,True,
loco_nbr,best_single_family,71vgq3fw,Batch_3,img04,71vgq3fw,0.004189935529,0.008473655466,0.987336409,Batch_3,True,
loco_nbr,best_single_family,9luzk4jm,Batch_3,img05,9luzk4jm,0.1239524151,0.1187214796,0.7573261053,Batch_3,True,
loco_nbr,best_single_family,cfe5vt7s,Batch_3,img07,cfe5vt7s,0.4108851517,0.2830883147,0.3060265335,Batch_1,False,
loco_nbr,best_single_family,hawkfj64,Batch_3,img01,hawkfj64,0.1931332638,0.3137421914,0.4931245448,Batch_3,True,
loco_nbr,best_single_family,hzumfsms,Batch_3,img05,hzumfsms,0.1325209149,0.1207538877,0.7467251974,Batch_3,True,
loco_nbr,best_single_family,kbdh4tri,Batch_3,img04,kbdh4tri,0.002210261117,0.005478492397,0.9923112465,Batch_3,True,
loco_nbr,best_single_family,mgxahqnk,Batch_3,img01,mgxahqnk,0.1729006383,0.2907585238,0.5363408378,Batch_3,True,
loco_nbr,best_single_family,pl8uabbv,Batch_3,img09,pl8uabbv,0.4495163805,0.4487570591,0.1017265604,Batch_1,False,
loco_nbr,best_single_family,ptg8lmto,Batch_3,img11,ptg8lmto,0.3071340123,0.3719456405,0.3209203473,Batch_2,False,
loco_nbr,best_single_family,tuy3zymq,Batch_3,img04,tuy3zymq,0.001733553851,0.004399912393,0.9938665338,Batch_3,True,
loco_nbr,best_single_family,ufdvpb81,Batch_3,img05,ufdvpb81,0.1748859318,0.1502229611,0.6748911071,Batch_3,True,
loco_nbr,best_single_family,utfgcjfa,Batch_3,img12,utfgcjfa,0.2419065574,0.4137462265,0.3443472161,Batch_2,False,
loco_nbr,best_single_family,vc2whyaq,Batch_3,img12,vc2whyaq,0.2792070483,0.3304926545,0.3903002972,Batch_3,True,
loco_nbr,best_single_family,x77cy643,Batch_3,img12,x77cy643,0.2387821986,0.4962751067,0.2649426948,Batch_2,False,
loco_nbr,best_single_family,x7u69zsw,Batch_3,img04,x7u69zsw,0.003752535371,0.008091234867,0.9881562298,Batch_3,True,
loco_nbr,best_single_family,xgj4xftb,Batch_3,img11,xgj4xftb,0.2193863617,0.317094007,0.4635196312,Batch_3,True,
loco_nbr,majority,4ih2ggld,Batch_1,img03,4ih2ggld,0.2,0.2333333333,0.5666666667,Batch_3,False,
loco_nbr,majority,5n1q8atc,Batch_1,img03,5n1q8atc,0.2,0.2333333333,0.5666666667,Batch_3,False,
loco_nbr,majority,f1vzngrs,Batch_1,img08,f1vzngrs,0.2068965517,0.2068965517,0.5862068966,Batch_3,False,
loco_nbr,majority,ffwubibz,Batch_1,img07,ffwubibz,0.2068965517,0.2068965517,0.5862068966,Batch_3,False,
loco_nbr,majority,fzrt2k6r,Batch_1,img06,fzrt2k6r,0.2,0.2333333333,0.5666666667,Batch_3,False,
loco_nbr,majority,iv6g2oq0,Batch_1,img10,iv6g2oq0,0.2,0.2333333333,0.5666666667,Batch_3,False,
loco_nbr,majority,uhdslk0o,Batch_1,img13,uhdslk0o,0.2,0.2333333333,0.5666666667,Batch_3,False,
loco_nbr,majority,3806gxp0,Batch_2,img02,3806gxp0,0.2333333333,0.2,0.5666666667,Batch_3,False,
loco_nbr,majority,avn74qx1,Batch_2,img02,avn74qx1,0.2333333333,0.2,0.5666666667,Batch_3,False,
loco_nbr,majority,b3esycq1,Batch_2,img06,b3esycq1,0.2333333333,0.2,0.5666666667,Batch_3,False,
loco_nbr,majority,epqdaau9,Batch_2,img08,epqdaau9,0.2068965517,0.2068965517,0.5862068966,Batch_3,False,
loco_nbr,majority,i9jiqjwl,Batch_2,img09,i9jiqjwl,0.2333333333,0.2,0.5666666667,Batch_3,False,
loco_nbr,majority,r17byphk,Batch_2,img07,r17byphk,0.2142857143,0.2142857143,0.5714285714,Batch_3,False,
loco_nbr,majority,rxax5ozo,Batch_2,img12,rxax5ozo,0.2413793103,0.2068965517,0.5517241379,Batch_3,False,
loco_nbr,majority,0grcilhi,Batch_3,img01,0grcilhi,0.2413793103,0.2413793103,0.5172413793,Batch_3,True,
loco_nbr,majority,71vgq3fw,Batch_3,img04,71vgq3fw,0.2413793103,0.2413793103,0.5172413793,Batch_3,True,
loco_nbr,majority,9luzk4jm,Batch_3,img05,9luzk4jm,0.2413793103,0.2413793103,0.5172413793,Batch_3,True,
loco_nbr,majority,cfe5vt7s,Batch_3,img07,cfe5vt7s,0.2413793103,0.2068965517,0.5517241379,Batch_3,True,
loco_nbr,majority,hawkfj64,Batch_3,img01,hawkfj64,0.25,0.25,0.5,Batch_3,True,
loco_nbr,majority,hzumfsms,Batch_3,img05,hzumfsms,0.2413793103,0.2413793103,0.5172413793,Batch_3,True,
loco_nbr,majority,kbdh4tri,Batch_3,img04,kbdh4tri,0.25,0.25,0.5,Batch_3,True,
loco_nbr,majority,mgxahqnk,Batch_3,img01,mgxahqnk,0.2413793103,0.2413793103,0.5172413793,Batch_3,True,
loco_nbr,majority,pl8uabbv,Batch_3,img09,pl8uabbv,0.2333333333,0.2333333333,0.5333333333,Batch_3,True,
loco_nbr,majority,ptg8lmto,Batch_3,img11,ptg8lmto,0.2333333333,0.2333333333,0.5333333333,Batch_3,True,
loco_nbr,majority,tuy3zymq,Batch_3,img04,tuy3zymq,0.25,0.25,0.5,Batch_3,True,
loco_nbr,majority,ufdvpb81,Batch_3,img05,ufdvpb81,0.2333333333,0.2333333333,0.5333333333,Batch_3,True,
loco_nbr,majority,utfgcjfa,Batch_3,img12,utfgcjfa,0.25,0.2142857143,0.5357142857,Batch_3,True,
loco_nbr,majority,vc2whyaq,Batch_3,img12,vc2whyaq,0.2413793103,0.2413793103,0.5172413793,Batch_3,True,
loco_nbr,majority,x77cy643,Batch_3,img12,x77cy643,0.25,0.25,0.5,Batch_3,True,
loco_nbr,majority,x7u69zsw,Batch_3,img04,x7u69zsw,0.2413793103,0.2413793103,0.5172413793,Batch_3,True,
loco_nbr,majority,xgj4xftb,Batch_3,img11,xgj4xftb,0.2333333333,0.2333333333,0.5333333333,Batch_3,True,
loco_nbr,provenance_oracle,4ih2ggld,Batch_1,img03,4ih2ggld,0.6,0.1166666667,0.2833333333,Batch_1,True,
loco_nbr,provenance_oracle,5n1q8atc,Batch_1,img03,5n1q8atc,0.6,0.1166666667,0.2833333333,Batch_1,True,
loco_nbr,provenance_oracle,f1vzngrs,Batch_1,img08,f1vzngrs,0.2068965517,0.2068965517,0.5862068966,Batch_3,False,
loco_nbr,provenance_oracle,ffwubibz,Batch_1,img07,ffwubibz,0.1034482759,0.1034482759,0.7931034483,Batch_3,False,
loco_nbr,provenance_oracle,fzrt2k6r,Batch_1,img06,fzrt2k6r,0.1,0.6166666667,0.2833333333,Batch_2,False,
loco_nbr,provenance_oracle,iv6g2oq0,Batch_1,img10,iv6g2oq0,0.2,0.2333333333,0.5666666667,Batch_3,False,
loco_nbr,provenance_oracle,uhdslk0o,Batch_1,img13,uhdslk0o,0.2,0.2333333333,0.5666666667,Batch_3,False,
loco_nbr,provenance_oracle,3806gxp0,Batch_2,img02,3806gxp0,0.1166666667,0.6,0.2833333333,Batch_2,True,
loco_nbr,provenance_oracle,avn74qx1,Batch_2,img02,avn74qx1,0.1166666667,0.6,0.2833333333,Batch_2,True,
loco_nbr,provenance_oracle,b3esycq1,Batch_2,img06,b3esycq1,0.6166666667,0.1,0.2833333333,Batch_1,False,
loco_nbr,provenance_oracle,epqdaau9,Batch_2,img08,epqdaau9,0.2068965517,0.2068965517,0.5862068966,Batch_3,False,
loco_nbr,provenance_oracle,i9jiqjwl,Batch_2,img09,i9jiqjwl,0.1166666667,0.1,0.7833333333,Batch_3,False,
loco_nbr,provenance_oracle,r17byphk,Batch_2,img07,r17byphk,0.2142857143,0.2142857143,0.5714285714,Batch_3,False,
loco_nbr,provenance_oracle,rxax5ozo,Batch_2,img12,rxax5ozo,0.08045977011,0.06896551724,0.8505747126,Batch_3,False,
loco_nbr,provenance_oracle,0grcilhi,Batch_3,img01,0grcilhi,0.1206896552,0.1206896552,0.7586206897,Batch_3,True,
loco_nbr,provenance_oracle,71vgq3fw,Batch_3,img04,71vgq3fw,0.08045977011,0.08045977011,0.8390804598,Batch_3,True,
loco_nbr,provenance_oracle,9luzk4jm,Batch_3,img05,9luzk4jm,0.1206896552,0.1206896552,0.7586206897,Batch_3,True,
loco_nbr,provenance_oracle,cfe5vt7s,Batch_3,img07,cfe5vt7s,0.6206896552,0.1034482759,0.275862069,Batch_1,False,
loco_nbr,provenance_oracle,hawkfj64,Batch_3,img01,hawkfj64,0.25,0.25,0.5,Batch_3,True,
loco_nbr,provenance_oracle,hzumfsms,Batch_3,img05,hzumfsms,0.1206896552,0.1206896552,0.7586206897,Batch_3,True,
loco_nbr,provenance_oracle,kbdh4tri,Batch_3,img04,kbdh4tri,0.125,0.125,0.75,Batch_3,True,
loco_nbr,provenance_oracle,mgxahqnk,Batch_3,img01,mgxahqnk,0.1206896552,0.1206896552,0.7586206897,Batch_3,True,
loco_nbr,provenance_oracle,pl8uabbv,Batch_3,img09,pl8uabbv,0.1166666667,0.6166666667,0.2666666667,Batch_2,False,
loco_nbr,provenance_oracle,ptg8lmto,Batch_3,img11,ptg8lmto,0.1166666667,0.1166666667,0.7666666667,Batch_3,True,
loco_nbr,provenance_oracle,tuy3zymq,Batch_3,img04,tuy3zymq,0.125,0.125,0.75,Batch_3,True,
loco_nbr,provenance_oracle,ufdvpb81,Batch_3,img05,ufdvpb81,0.07777777778,0.07777777778,0.8444444444,Batch_3,True,
loco_nbr,provenance_oracle,utfgcjfa,Batch_3,img12,utfgcjfa,0.125,0.1071428571,0.7678571429,Batch_3,True,
loco_nbr,provenance_oracle,vc2whyaq,Batch_3,img12,vc2whyaq,0.08045977011,0.4137931034,0.5057471264,Batch_3,True,
loco_nbr,provenance_oracle,x77cy643,Batch_3,img12,x77cy643,0.125,0.625,0.25,Batch_2,False,
loco_nbr,provenance_oracle,x7u69zsw,Batch_3,img04,x7u69zsw,0.08045977011,0.08045977011,0.8390804598,Batch_3,True,
loco_nbr,provenance_oracle,xgj4xftb,Batch_3,img11,xgj4xftb,0.1166666667,0.1166666667,0.7666666667,Batch_3,True,
