lane,session_px,position,spot,batch,width_px,touches_next,join,edge
1,2080,1,cfe5vt7s,3,7000,r17byphk,cross,
1,2080,2,r17byphk,2,7000,ffwubibz,cross,
1,2080,3,ffwubibz,1,7000,,,right
2,2068,1,vc2whyaq,3,7000,x77cy643,same,left
2,2068,2,x77cy643,3,6996,utfgcjfa,same,
2,2068,3,utfgcjfa,3,6996,rxax5ozo,cross,
2,2068,4,rxax5ozo,2,7000,,,
3,2148,1,f1vzngrs,1,7000,epqdaau9,cross,left
3,2148,2,epqdaau9,2,7000,,,
4,2156,1,fzrt2k6r,1,7000,,,left
4,2156,2,b3esycq1,2,7000,,,
5,2272,1,i9jiqjwl,2,7000,,,left
5,2272,2,pl8uabbv,3,7000,,,
6,2060,1,x7u69zsw,3,7000,tuy3zymq,same,left
6,2060,2,tuy3zymq,3,7000,kbdh4tri,same,
6,2060,3,kbdh4tri,3,7000,71vgq3fw,same,
6,2060,4,71vgq3fw,3,7000,,,right
7,1904,1,mgxahqnk,3,7000,hawkfj64,same,
7,1904,2,hawkfj64,3,7000,0grcilhi,same,
7,1904,3,0grcilhi,3,7000,,,right
8,2088,1,ufdvpb81,3,7000,,,left
8,2088,2,9luzk4jm,3,7000,hzumfsms,same,
8,2088,3,hzumfsms,3,7000,,,
9,1612,1,xgj4xftb,3,7000,,,left
9,1612,2,ptg8lmto,3,7000,,,right
10,2048,1,3806gxp0,2,7000,,,
10,2048,2,avn74qx1,2,7000,,,right
11,2316,1,4ih2ggld,1,6996,,,
11,2316,2,5n1q8atc,1,7000,,,
12,1880,1,uhdslk0o,1,7000,,,right
13,1780,1,iv6g2oq0,1,6960,,,
