arch,kind,val_miou,val_retrieval,label_free_score,epochs_done,lr_loso,lr_losess,lr_mixed,lr_joins,ari_kmeans,lr_losess_perm_p
convnext_t,pretrained,0.92199,1.0,1.92199,30.0,0.6554621848739496,0.5602240896358542,0.5555555555555555,0.75,0.3772563176895306,0.0099009900990099
dilated,from scratch,0.91176,0.99873,1.91049,30.0,0.7226890756302521,0.703081232492997,0.688888888888889,0.75,0.0695043591058553,0.0099009900990099
resnet34,pretrained,0.9538099999999998,0.95091,1.9047199999999995,30.0,0.6078431372549019,0.5210084033613446,0.4222222222222222,0.5,0.2642893009066707,0.0198019801980198
deep6,from scratch,0.9019,0.99873,1.90063,30.0,0.5686274509803922,0.5294117647058824,0.6222222222222222,0.75,0.1425317279531402,0.0297029702970297
base,from scratch,0.8884200000000002,0.95054,1.83896,30.0,0.5210084033613446,0.4425770308123249,0.4444444444444445,0.5,0.0845743021986589,0.0891089108910891
resnet18,pretrained,0.9619700000000002,0.8316800000000001,1.7936500000000004,30.0,0.5994397759103641,0.4733893557422968,0.4444444444444445,0.5,-0.0241891470450647,0.0495049504950495
k5,from scratch,0.8524700000000001,0.7978000000000001,1.65027,30.0,0.7507002801120448,0.5490196078431372,0.5777777777777778,0.5,-0.023457328680203,0.0099009900990099
k7,from scratch,0.8331600000000001,0.8034800000000001,1.6366400000000003,30.0,0.6162464985994398,0.6246498599439776,0.5777777777777778,0.625,0.0372281867671268,0.0099009900990099
resnet50,pretrained,0.94338,0.47419,1.41757,30.0,0.5406162464985994,0.3585434173669468,0.3777777777777777,0.5,-0.0298126064735945,0.2178217821782178
shallow4,from scratch,0.8895799999999999,0.5219699999999999,1.41155,30.0,0.4929971988795518,0.3473389355742296,0.3777777777777777,0.5,0.1593358313722717,0.3465346534653465
stem7,from scratch,0.87666,0.3241699999999999,1.2008299999999998,30.0,0.5126050420168067,0.5322128851540616,0.3777777777777777,0.75,0.1763080380188879,0.0099009900990099
wide,from scratch,0.8727800000000002,0.19013,1.0629100000000002,30.0,0.4173669467787115,0.3501400560224089,0.1999999999999999,0.375,0.0554427052216513,0.3366336633663366
acquisition_only,imaging descriptors (bar),,,,,0.5210084033613446,0.6554621848739496,0.2888888888888889,0.375,0.166250257194086,0.0099009900990099
dilated (w_con 1),"from scratch, after the fix",0.91637,0.99964,1.91601,30.0,0.5882352941176471,0.5490196078431372,0.5777777777777778,0.5,0.1664603408832064,0.0297029702970297
"k7 (seg only, w_con 0)","from scratch, after the fix",0.8973600000000002,0.0752799999999999,0.9726400000000002,30.0,0.453781512605042,0.3277310924369748,0.3777777777777777,0.75,0.1108503176343715,0.4455445544554455
