rep,dim,lr_losess,lr_mixed,lr_joins,lr_loso,cen_losess,cen_mixed,ari_sess
team hand-crafted features (51),51,0.6358543417366946,0.4666666666666666,0.75,0.5602240896358542,0.5294117647058824,0.4000000000000001,0.065246679925579
emb_dinov3l,82000,0.5994397759103641,0.3111111111111111,0.625,0.5322128851540616,0.73109243697479,0.24444444444444446,0.2117666515070079
emb_convnextb,187696,0.5798319327731093,0.4444444444444445,0.625,0.5994397759103641,0.6162464985994398,0.13333333333333333,0.10151966160112799
registry,49,0.5686274509803922,0.5777777777777778,0.625,0.6358543417366946,0.4425770308123249,0.5777777777777778,0.03541412715724642
glcm_lbp,666,0.5490196078431372,0.37777777777777777,0.625,0.6078431372549019,0.5490196078431372,0.3111111111111111,0.11496760120613332
emb_dinov2l,82000,0.5322128851540616,0.24444444444444446,0.5,0.5126050420168067,0.6834733893557422,0.3111111111111111,0.2117666515070079
ALL non-imaging families (concatenated),530423,0.5210084033613446,0.24444444444444446,0.625,0.5602240896358542,0.69187675070028,0.20000000000000004,0.20983390889656306
orient,288,0.47338935574229685,0.6,0.625,0.5406162464985994,0.21288515406162464,0.3111111111111111,0.020879047809029855
IMAGING-ONLY bar (imgqc BSE+Inlens),783,0.43417366946778707,0.19999999999999998,0.375,0.46498599439775906,0.42296918767507,0.0,0.2067553735926305
phase,694,0.43417366946778707,0.3333333333333333,0.375,0.5322128851540616,0.2689075630252101,0.3111111111111111,0.06019502437804725
fbank,234,0.4257703081232493,0.4222222222222222,0.5,0.5602240896358543,0.5686274509803922,0.35555555555555557,0.18635170603674542
psd,216,0.38655462184873945,0.37777777777777777,0.5,0.40616246498599445,0.5686274509803922,0.37777777777777777,0.1588296760710554
xdet,4012,0.3585434173669468,0.20000000000000004,0.375,0.5406162464985994,0.43417366946778707,0.24444444444444446,0.09324909324909325
emb_micronet,172568,0.33893557422969184,0.19999999999999998,0.375,0.5126050420168067,0.69187675070028,0.4222222222222222,0.17160006577865483
MATERIAL-tagged only (concatenated),448,0.2913165266106443,0.4444444444444445,0.25,0.5126050420168067,0.4425770308123249,0.48888888888888893,0.08324853726787076
